title,label,description,app,sharing,type,rootNode,author,"splunk_server",location,updated
"case-study-SA-jsforall","Case Study: SA-devforall","End-to-End, what went into building this app.","SA-devforall",app,views,dashboard,nobody,"ip-10-0-1-70.us-west-2.compute.internal","apps/SA-devforall/data/ui/views/case-study-SA-jsforall","1970-01-01T00:00:00+00:00"
"dev_environment","Setting Up Your Development Environment","When you're getting started developing on Splunk, there are a few key things that you should know. Read through this for the benefit of the experience of many people to help you start building right!","SA-devforall",app,views,dashboard,admin,"ip-10-0-1-70.us-west-2.compute.internal","apps/SA-devforall/data/ui/views/dev_environment","2018-07-01T04:42:00+00:00"
"ex00-hello-world","Including a JS file","Hello World, SplunkJS Style","SA-devforall",app,views,dashboard,nobody,"ip-10-0-1-70.us-west-2.compute.internal","apps/SA-devforall/data/ui/views/ex00-hello-world","1970-01-01T00:00:00+00:00"
"ex01-running-search","Running a Search from Javascript","The foundation of all SplunkJS, running a search and then outputing the results into an HTML element. Also includes examples generating a SimpleXML Viz from a Javascript search, and a Javascript Output from a SimpleXML search.","SA-devforall",app,views,dashboard,nobody,"ip-10-0-1-70.us-west-2.compute.internal","apps/SA-devforall/data/ui/views/ex01-running-search","1970-01-01T00:00:00+00:00"
"ex03-setting-and-reading-tokens","Setting and Reading Tokens","Either right after or right before you learn to run a search from Javascript, you'll want to be able to view and set tokens. Easy!","SA-devforall",app,views,dashboard,nobody,"ip-10-0-1-70.us-west-2.compute.internal","apps/SA-devforall/data/ui/views/ex03-setting-and-reading-tokens","1970-01-01T00:00:00+00:00"
"ex04-1-inter-dashboard-comm-using-tokens","Communicating Data Between Dashboards With Tokens","Tokens are incredibly versatile. You can even use them to transfer data from one dashboard to another.","SA-devforall",app,views,dashboard,nobody,"ip-10-0-1-70.us-west-2.compute.internal","apps/SA-devforall/data/ui/views/ex04-1-inter-dashboard-comm-using-tokens","1970-01-01T00:00:00+00:00"
"ex04-inter-dashboard-comm-using-tokens","Communicating Data Between Dashboards With Tokens","Tokens are incredibly versatile. You can even use them to transfer data from one dashboard to another.","SA-devforall",app,views,dashboard,nobody,"ip-10-0-1-70.us-west-2.compute.internal","apps/SA-devforall/data/ui/views/ex04-inter-dashboard-comm-using-tokens","1970-01-01T00:00:00+00:00"
"ex05-creating-modal-dialog","Creating Modal Dialogs","Modal Dialogs allow you to warn users about problems, get input from users, and more. Javascript natively has ugly alert capabilties.. why not replace them with pretty modal alerts.","SA-devforall",app,views,dashboard,nobody,"ip-10-0-1-70.us-west-2.compute.internal","apps/SA-devforall/data/ui/views/ex05-creating-modal-dialog","1970-01-01T00:00:00+00:00"
"ex08-querying-rest-api","Querying REST API from Javascript","How can you directly query elements of Splunk's REST API from Javascript (without launching a search with the | rest search command).","SA-devforall",app,views,dashboard,nobody,"ip-10-0-1-70.us-west-2.compute.internal","apps/SA-devforall/data/ui/views/ex08-querying-rest-api","1970-01-01T00:00:00+00:00"
"ex09-collections","Using kvstore Collections","Reading the Splunk kvstore directly from SplunkJS, or adding entries.","SA-devforall",app,views,dashboard,nobody,"ip-10-0-1-70.us-west-2.compute.internal","apps/SA-devforall/data/ui/views/ex09-collections","1970-01-01T00:00:00+00:00"
"ex10-auth-custom-search-command","Authenticated Custom Search Commands","A basic search command that will run Splunk searches on your behalf, or hit the Splunk REST API.","SA-devforall",app,views,dashboard,nobody,"ip-10-0-1-70.us-west-2.compute.internal","apps/SA-devforall/data/ui/views/ex10-auth-custom-search-command","1970-01-01T00:00:00+00:00"
"ex11-auth-scripted-input","Authenticated Scripted Input","A scripted input that runs as an authenticated user to accomplish periodic tasks","SA-devforall",app,views,dashboard,nobody,"ip-10-0-1-70.us-west-2.compute.internal","apps/SA-devforall/data/ui/views/ex11-auth-scripted-input","1970-01-01T00:00:00+00:00"
"ex13-editing-conf-files-from-javascript","Editing .conf Files from Javascript","Sometimes you may with to add a new lookup, new props, new .. anything .. from Javascript. This is the only known end-to-end example of doing that. ","SA-devforall",app,views,dashboard,nobody,"ip-10-0-1-70.us-west-2.compute.internal","apps/SA-devforall/data/ui/views/ex13-editing-conf-files-from-javascript","1970-01-01T00:00:00+00:00"
"ex14-posting-to-HEC-via-Javascript","Posting to HEC via Javascript","Implement your own client-side tracking by sending beacons from a non-Splunk website to the HTTP Event Collector via Javascript.","SA-devforall",app,views,dashboard,nobody,"ip-10-0-1-70.us-west-2.compute.internal","apps/SA-devforall/data/ui/views/ex14-posting-to-HEC-via-Javascript","1970-01-01T00:00:00+00:00"
"ex15-creating-zip-files","Creating Zip Files with third party Javascript Libraries","This isn't really SplunkJS, but it's fun! And it gives us an opportunity to show how we can use third party libraries in our Javascript.","SA-devforall",app,views,dashboard,nobody,"ip-10-0-1-70.us-west-2.compute.internal","apps/SA-devforall/data/ui/views/ex15-creating-zip-files","1970-01-01T00:00:00+00:00"
"ex17-reading-JSON-files","Reading JSON Files from appserver/static","This is built into some of these core concepts, but why not make it explicit!","SA-devforall",app,views,dashboard,nobody,"ip-10-0-1-70.us-west-2.compute.internal","apps/SA-devforall/data/ui/views/ex17-reading-JSON-files","1970-01-01T00:00:00+00:00"
"ex18-combining-JSON-files-with-kvstore","Combining JSON Files from kvstore","If you have a static configuration file that you want to override with local settings, it may be easiest to load your static JSON and then pull custom entries from the kvstore. Here's an example of doing that.","SA-devforall",app,views,dashboard,nobody,"ip-10-0-1-70.us-west-2.compute.internal","apps/SA-devforall/data/ui/views/ex18-combining-JSON-files-with-kvstore","1970-01-01T00:00:00+00:00"
"ex19-instantiating-service-object","Instantiating SplunkJS Service Object","You should never need to do this in reality, however some of Splunk's docs talk about using SplunkJS from other websites which requires a service object. This will instantiate one within a Splunk Dashboard.","SA-devforall",app,views,dashboard,nobody,"ip-10-0-1-70.us-west-2.compute.internal","apps/SA-devforall/data/ui/views/ex19-instantiating-service-object","1970-01-01T00:00:00+00:00"
"ex20-streaming-sdk-methods","Comparing Streaming SDK Methods","For streaming search commands, there are two primary methods for implementation. One uses the Python SDK, and one uses a new Chunked Encoding library. We walk through these.","SA-devforall",app,views,dashboard,nobody,"ip-10-0-1-70.us-west-2.compute.internal","apps/SA-devforall/data/ui/views/ex20-streaming-sdk-methods","1970-01-01T00:00:00+00:00"
"ex21-find-missing-tokens","Find Missing Tokens","When you have advanced dashboards with all kinds of tokens, sometimes they're not set for whatever reason, and then everything mysteriously doesn't work. Figure out what tokens are missing, and what searches depend on them, with ease.","SA-devforall",app,views,dashboard,nobody,"ip-10-0-1-70.us-west-2.compute.internal","apps/SA-devforall/data/ui/views/ex21-find-missing-tokens","1970-01-01T00:00:00+00:00"
"ex23-custom-controller","Python Controllers in Splunk Web","The embedded CherryPy framework in Splunk Web allows you to do traditional form processing.","SA-devforall",app,views,dashboard,nobody,"ip-10-0-1-70.us-west-2.compute.internal","apps/SA-devforall/data/ui/views/ex23-custom-controller","1970-01-01T00:00:00+00:00"
"ex23-result","ex23-sample_result",,"SA-devforall",app,views,dashboard,nobody,"ip-10-0-1-70.us-west-2.compute.internal","apps/SA-devforall/data/ui/views/ex23-result","1970-01-01T00:00:00+00:00"
"ex25-localStorage","Using localStorage","Do you need to really, really easily maintain state and are okay with it being limited to a single browser window? Then you'll *love* localStorage. ","SA-devforall",app,views,dashboard,nobody,"ip-10-0-1-70.us-west-2.compute.internal","apps/SA-devforall/data/ui/views/ex25-localStorage","1970-01-01T00:00:00+00:00"
"ex27-automatically-running-javascript-on-every-page","Automatically Running Javascript on Every Page","Sometimes you need to run a script on every page, every time. Or similarly for stylesheets. Fortunately, Splunk makes that easy with dashboard.css and dashboard.js.","SA-devforall",app,views,dashboard,nobody,"ip-10-0-1-70.us-west-2.compute.internal","apps/SA-devforall/data/ui/views/ex27-automatically-running-javascript-on-every-page","1970-01-01T00:00:00+00:00"
"ex28-rating-system","Implementing a Rating System","This .. is mostly not about Splunk. But it is implemented in Splunk, and in this app, so it would be cruel to not talk about it, right?","SA-devforall",app,views,dashboard,nobody,"ip-10-0-1-70.us-west-2.compute.internal","apps/SA-devforall/data/ui/views/ex28-rating-system","1970-01-01T00:00:00+00:00"
"ex29-admin-functions-in-hidden-menu","Hiding Admin Functions in Help Menu","Don't let your drive for a simple user experience prevent you from building easy admin functionality. Just hide it in the help menu!","SA-devforall",app,views,dashboard,nobody,"ip-10-0-1-70.us-west-2.compute.internal","apps/SA-devforall/data/ui/views/ex29-admin-functions-in-hidden-menu","1970-01-01T00:00:00+00:00"
"ex30-stored-credentials","Stored Credentials","Do you need to store a username and password, but don't want to hardcode it unencrypted on the local file system? Stored credentials are here to solve that problem for you!","SA-devforall",app,views,dashboard,nobody,"ip-10-0-1-70.us-west-2.compute.internal","apps/SA-devforall/data/ui/views/ex30-stored-credentials","1970-01-01T00:00:00+00:00"
"ex31-javascript-diag","Javascript Diag","When you build out a lot of Javascript, you inevitably fear someone saying ""it doesn't work"" but it works on your system. Fortunately, you can get a diag, making it easier to troubleshoot!","SA-devforall",app,views,dashboard,nobody,"ip-10-0-1-70.us-west-2.compute.internal","apps/SA-devforall/data/ui/views/ex31-javascript-diag","1970-01-01T00:00:00+00:00"
"ex32-adding-rows-and-panels","Dynamically Adding Panels","Dynamically add new rows or panels to your dashboard, all from Javascript.","SA-devforall",app,views,dashboard,nobody,"ip-10-0-1-70.us-west-2.compute.internal","apps/SA-devforall/data/ui/views/ex32-adding-rows-and-panels","1970-01-01T00:00:00+00:00"
"ex33-updating-search-string","Dynamically Updating Search String","Dynamically set the search string for any existing search managers.","SA-devforall",app,views,dashboard,nobody,"ip-10-0-1-70.us-west-2.compute.internal","apps/SA-devforall/data/ui/views/ex33-updating-search-string","1970-01-01T00:00:00+00:00"
"ex34-indexing-events-from-javascript","Indexing Events from Javascript","It's possible you may with to ingest data via Javascript. Consider log events to show what happened, audit events to show what the user did, or even small JSON data sources you download from the internet!","SA-devforall",app,views,dashboard,nobody,"ip-10-0-1-70.us-west-2.compute.internal","apps/SA-devforall/data/ui/views/ex34-indexing-events-from-javascript","1970-01-01T00:00:00+00:00"
"ex35-javascript-app-setup","Javascript App Setup","Want to have a lightweight app setup that checks whether data exists? This may be just the way for you.","SA-devforall",app,views,dashboard,nobody,"ip-10-0-1-70.us-west-2.compute.internal","apps/SA-devforall/data/ui/views/ex35-javascript-app-setup","1970-01-01T00:00:00+00:00"
"ex36-tooltips-and-popovers","Tooltips and Popovers","Want to embed helpful descriptions? Fortunately Splunk makes it fairly easy to do so with Bootstrap's tooltip and popover.","SA-devforall",app,views,dashboard,nobody,"ip-10-0-1-70.us-west-2.compute.internal","apps/SA-devforall/data/ui/views/ex36-tooltips-and-popovers","1970-01-01T00:00:00+00:00"
"ex37-i18n-localization","Localizing Apps With jquery.i18n","Use Wikimedia's jquery.i18n to localize portions of your app.","SA-devforall",app,views,dashboard,nobody,"ip-10-0-1-70.us-west-2.compute.internal","apps/SA-devforall/data/ui/views/ex37-i18n-localization","1970-01-01T00:00:00+00:00"
"ex38-simplexml-approval-process_approval","EX38 - Example Approval Dashboard",,"SA-devforall",app,views,dashboard,nobody,"ip-10-0-1-70.us-west-2.compute.internal","apps/SA-devforall/data/ui/views/ex38-simplexml-approval-process_approval","1970-01-01T00:00:00+00:00"
"ex38-simplexml-approval-process_data-entry","EX38 - Example Form Input for Approval Processing",,"SA-devforall",app,views,form,nobody,"ip-10-0-1-70.us-west-2.compute.internal","apps/SA-devforall/data/ui/views/ex38-simplexml-approval-process_data-entry","1970-01-01T00:00:00+00:00"
"ex38-simplexml-approval-process_intro","SimpleXML Token-based Approval or Escalation Process","Want to confirm with the user before an action is taken? Or want to have another user come in and approve something? It requires a lot of token work, but here's a template you can re-use!","SA-devforall",app,views,dashboard,nobody,"ip-10-0-1-70.us-west-2.compute.internal","apps/SA-devforall/data/ui/views/ex38-simplexml-approval-process_intro","1970-01-01T00:00:00+00:00"
"guide_plugins","Powerful Third Party (and jQuery) Plug-Ins","Plugins can help you accomplish more, more quickly, and make your dashboard feel more like a real application. See what our favorites are, and pick up a few good tips regardless.","SA-devforall",app,views,dashboard,nobody,"ip-10-0-1-70.us-west-2.compute.internal","apps/SA-devforall/data/ui/views/guide_plugins","1970-01-01T00:00:00+00:00"
"guide_splunk-style","Splunk Style Guidelines (and Icons and such)","Splunk ships with a style guide include icons, working HTML for form elements, modals, and all kinds of other capabilities. If you've never looked at this, it will help you avoid lots of work and have consistency with the general Splunk feel.","SA-devforall",app,views,dashboard,nobody,"ip-10-0-1-70.us-west-2.compute.internal","apps/SA-devforall/data/ui/views/guide_splunk-style","1970-01-01T00:00:00+00:00"
"logging-and-debugging","Logging and Debugging","Getting visibility into what's happening with your code is key for any kind of development. How have we done this?","SA-devforall",app,views,dashboard,nobody,"ip-10-0-1-70.us-west-2.compute.internal","apps/SA-devforall/data/ui/views/logging-and-debugging","1970-01-01T00:00:00+00:00"
ClusterMasterJobs,ClusterMasterJobs,,SplunkAdmins,app,views,form,nobody,"ip-10-0-1-70.us-west-2.compute.internal","apps/SplunkAdmins/data/ui/views/ClusterMasterJobs","1970-01-01T00:00:00+00:00"
"data_model_rebuild_monitor","Dashboard - Data Model Rebuild Monitor","Originally based on the work on URL https://conf.splunk.com/files/2017/slides/running-enterprise-security-at-capacity-tuning-es-with-data-model-acceleration.pdf modified to work without the macros and corrected the datamodel sizing (and misc tweaks).",SplunkAdmins,app,views,form,nobody,"ip-10-0-1-70.us-west-2.compute.internal","apps/SplunkAdmins/data/ui/views/data_model_rebuild_monitor","1970-01-01T00:00:00+00:00"
"data_model_status","Dashboard - Data Model Status","Originally based on the work on URL https://conf.splunk.com/files/2017/slides/running-enterprise-security-at-capacity-tuning-es-with-data-model-acceleration.pdf modified to work without the macros (and misc tweaks)",SplunkAdmins,app,views,form,nobody,"ip-10-0-1-70.us-west-2.compute.internal","apps/SplunkAdmins/data/ui/views/data_model_status","1970-01-01T00:00:00+00:00"
"detect_excessive_search_use","Dashboard - Detect Excessive Search Use","Detect repeated search use for the same search query by a particular user during a period of time",SplunkAdmins,app,views,form,nobody,"ip-10-0-1-70.us-west-2.compute.internal","apps/SplunkAdmins/data/ui/views/detect_excessive_search_use","1970-01-01T00:00:00+00:00"
"heavyforwarders_max_data_queue_sizes_by_name","Dashboard - HeavyForwarders Max Data Queue Sizes By Name",,SplunkAdmins,app,views,form,nobody,"ip-10-0-1-70.us-west-2.compute.internal","apps/SplunkAdmins/data/ui/views/heavyforwarders_max_data_queue_sizes_by_name","1970-01-01T00:00:00+00:00"
"hec_performance","Dashboard - HEC Performance","Based on the original version from  https://github.com/camrunr/hec_perf_report/blob/master/hec_perf_report.xml",SplunkAdmins,app,views,form,nobody,"ip-10-0-1-70.us-west-2.compute.internal","apps/SplunkAdmins/data/ui/views/hec_performance","1970-01-01T00:00:00+00:00"
"indexer_data_spread","Dashboard - Indexer Data Spread","Indexer Data Spread",SplunkAdmins,app,views,form,nobody,"ip-10-0-1-70.us-west-2.compute.internal","apps/SplunkAdmins/data/ui/views/indexer_data_spread","1970-01-01T00:00:00+00:00"
"indexer_max_data_queue_sizes_by_name","Dashboard - Indexer Max Data Queue Sizes By Name",,SplunkAdmins,app,views,form,nobody,"ip-10-0-1-70.us-west-2.compute.internal","apps/SplunkAdmins/data/ui/views/indexer_max_data_queue_sizes_by_name","1970-01-01T00:00:00+00:00"
"issues_per_sourcetype","Dashboard - Issues Per Sourcetype","Detect time-parsing, event breaking or truncation issues for a particular sourcetype. Please note that the investigation query is something you can copy & paste into a new search window in Splunk to find example events, it does not work 100% of the time...",SplunkAdmins,app,views,form,nobody,"ip-10-0-1-70.us-west-2.compute.internal","apps/SplunkAdmins/data/ui/views/issues_per_sourcetype","1970-01-01T00:00:00+00:00"
"knowledge_objects_by_app","Dashboard - Knowledge Objects By App","List of knowledge objects per app",SplunkAdmins,app,views,form,nobody,"ip-10-0-1-70.us-west-2.compute.internal","apps/SplunkAdmins/data/ui/views/knowledge_objects_by_app","1970-01-01T00:00:00+00:00"
"knowledge_objects_by_app_drilldown","Knowledge Objects By App Drilldown","List of knowledge objects per app by user/sharing level",SplunkAdmins,app,views,form,nobody,"ip-10-0-1-70.us-west-2.compute.internal","apps/SplunkAdmins/data/ui/views/knowledge_objects_by_app_drilldown","1970-01-01T00:00:00+00:00"
"lookups_in_use_finder","Dashboard - Lookup in use finder","Attempt to detect if a lookup file in question is in use within Splunk",SplunkAdmins,app,views,form,nobody,"ip-10-0-1-70.us-west-2.compute.internal","apps/SplunkAdmins/data/ui/views/lookups_in_use_finder","1970-01-01T00:00:00+00:00"
"rolled_buckets_by_index","Dashboard - Rolled Buckets By Index","A very simple dashboard to determine which index is rolling the largest number of buckets and therefore may require some level of tuning",SplunkAdmins,app,views,form,nobody,"ip-10-0-1-70.us-west-2.compute.internal","apps/SplunkAdmins/data/ui/views/rolled_buckets_by_index","1970-01-01T00:00:00+00:00"
"search_head_scheduledsearches_distribution","Dashboard - Search Head ScheduledSearches Distribution","Number of scheduler searches per search head",SplunkAdmins,app,views,form,nobody,"ip-10-0-1-70.us-west-2.compute.internal","apps/SplunkAdmins/data/ui/views/search_head_scheduledsearches_distribution","1970-01-01T00:00:00+00:00"
"troubleshooting_indexer_cpu","Dashboard - Troubleshooting Indexer CPU",,SplunkAdmins,app,views,form,nobody,"ip-10-0-1-70.us-west-2.compute.internal","apps/SplunkAdmins/data/ui/views/troubleshooting_indexer_cpu","1970-01-01T00:00:00+00:00"
"troubleshooting_indexer_cpu_drilldown","Troubleshooting Indexer CPU Drilldown",,SplunkAdmins,app,views,form,nobody,"ip-10-0-1-70.us-west-2.compute.internal","apps/SplunkAdmins/data/ui/views/troubleshooting_indexer_cpu_drilldown","1970-01-01T00:00:00+00:00"
"troubleshooting_resource_usage_per_user","Dashboard - Troubleshooting Resource Usage Per User","This dashboard attempts to assist with finding which queries are using excessive amounts of CPU, memory, disk IOPS at the indexing tier and the queries behind them",SplunkAdmins,app,views,form,nobody,"ip-10-0-1-70.us-west-2.compute.internal","apps/SplunkAdmins/data/ui/views/troubleshooting_resource_usage_per_user","1970-01-01T00:00:00+00:00"
"troubleshooting_resource_usage_per_user_drilldown","Troubleshooting Resource Usage Per User Drilldown","Drilldown for Troubleshooting Resource Usage Per User (Splunk 6.6+ only due to the use of the IN keyword)",SplunkAdmins,app,views,form,nobody,"ip-10-0-1-70.us-west-2.compute.internal","apps/SplunkAdmins/data/ui/views/troubleshooting_resource_usage_per_user_drilldown","1970-01-01T00:00:00+00:00"
"analysis_of_splunkbase_apps","Analysis of SplunkBase Apps",,"analysis_of_splunkbase_apps",app,views,form,nobody,"ip-10-0-1-70.us-west-2.compute.internal","apps/analysis_of_splunkbase_apps/data/ui/views/analysis_of_splunkbase_apps","1970-01-01T00:00:00+00:00"
"analysis_of_splunkbase_apps_no_kv_store","Analysis of SplunkBase Apps (Without KV Store)",,"analysis_of_splunkbase_apps",app,views,form,nobody,"ip-10-0-1-70.us-west-2.compute.internal","apps/analysis_of_splunkbase_apps/data/ui/views/analysis_of_splunkbase_apps_no_kv_store","1970-01-01T00:00:00+00:00"
documentation,"Circlepack Viz - Documentation",,"circlepack_viz",app,views,form,nobody,"ip-10-0-1-70.us-west-2.compute.internal","apps/circlepack_viz/data/ui/views/documentation","1970-01-01T00:00:00+00:00"
ce,"Config Explorer",,"config_explorer",app,html,html,nobody,"ip-10-0-1-70.us-west-2.compute.internal","apps/config_explorer/data/ui/views/ce","1970-01-01T00:00:00+00:00"
documentation,"DayNightMap Viz - Documentation",,"day_night_map_viz",app,views,dashboard,nobody,"ip-10-0-1-70.us-west-2.compute.internal","apps/day_night_map_viz/data/ui/views/documentation","1970-01-01T00:00:00+00:00"
"dark_theme","Dark Theme",,"heat-map-viz",app,views,dashboard,nobody,"ip-10-0-1-70.us-west-2.compute.internal","apps/heat-map-viz/data/ui/views/dark_theme","1970-01-01T00:00:00+00:00"
"drill_down","Drill Down and Token Examples","Examples of using the Heat Map Viz to drill down to issues, and use tokens to create interactive dashboards.","heat-map-viz",app,views,dashboard,nobody,"ip-10-0-1-70.us-west-2.compute.internal","apps/heat-map-viz/data/ui/views/drill_down","1970-01-01T00:00:00+00:00"
examples,Examples,,"heat-map-viz",app,views,dashboard,nobody,"ip-10-0-1-70.us-west-2.compute.internal","apps/heat-map-viz/data/ui/views/examples","1970-01-01T00:00:00+00:00"
"heat_map_visualization","Heat Map Visualization",,"heat-map-viz",app,views,dashboard,nobody,"ip-10-0-1-70.us-west-2.compute.internal","apps/heat-map-viz/data/ui/views/heat_map_visualization","1970-01-01T00:00:00+00:00"
settings,Settings,"How to use settings to customize the visualization.","heat-map-viz",app,views,dashboard,nobody,"ip-10-0-1-70.us-west-2.compute.internal","apps/heat-map-viz/data/ui/views/settings","1970-01-01T00:00:00+00:00"
Browse,Browse,,"ko_explorer",app,html,html,nobody,"ip-10-0-1-70.us-west-2.compute.internal","apps/ko_explorer/data/ui/views/Browse","1970-01-01T00:00:00+00:00"
"customer_info","Customer Info",,kvstoretutorial,app,views,form,admin,"ip-10-0-1-70.us-west-2.compute.internal","apps/kvstoretutorial/data/ui/views/customer_info","2020-01-29T03:26:43+00:00"
"Dashboard_BubbleChart_top_hosts","Dashboard TOP Hosts, Higher CPU Load Hosts for All OS","Easily visualize hosts with high level of resources utilization using Bubble charts",nmon,app,views,form,admin,"ip-10-0-1-70.us-west-2.compute.internal","apps/nmon/data/ui/views/Dashboard_BubbleChart_top_hosts","1970-01-01T00:00:00+00:00"
"Dashboard_BubbleChart_top_hosts_AIX","Dashboard TOP Hosts, Higher CPU Load Hosts for AIX Systems","Easily visualize hosts with high level of resources utilization using Bubble charts",nmon,app,views,form,admin,"ip-10-0-1-70.us-west-2.compute.internal","apps/nmon/data/ui/views/Dashboard_BubbleChart_top_hosts_AIX","1970-01-01T00:00:00+00:00"
"Dashboard_Bubblechart_top_processes","NMON TOP: Resources Usage per Command Invocation","TOP Processes CPU and Memory utilization using Bubble charts",nmon,app,views,form,admin,"ip-10-0-1-70.us-west-2.compute.internal","apps/nmon/data/ui/views/Dashboard_Bubblechart_top_processes","1970-01-01T00:00:00+00:00"
"Dashboard_Internal_Stats","Nmon Performance Monitor application - Total Cost of Ownership dashboard",,nmon,app,views,dashboard,admin,"ip-10-0-1-70.us-west-2.compute.internal","apps/nmon/data/ui/views/Dashboard_Internal_Stats","1970-01-01T00:00:00+00:00"
"Dashboard_WLM_Solaris","NMON Solaris WLM: CPU and Memory Statistics of Projects / Zones / Tasks / Users","WLM Statistics dashboard for Solaris systems",nmon,app,views,form,admin,"ip-10-0-1-70.us-west-2.compute.internal","apps/nmon/data/ui/views/Dashboard_WLM_Solaris","1970-01-01T00:00:00+00:00"
"Dashboard_addons_reporting","Add-ons reporting dashboard","Deployment Reporting of add-ons within last 30 days",nmon,app,views,form,admin,"ip-10-0-1-70.us-west-2.compute.internal","apps/nmon/data/ui/views/Dashboard_addons_reporting","1970-01-01T00:00:00+00:00"
"Dashboard_bulletcharts","Bullet Dashboard - TOP servers by CPU/Memory, TOP Processes by CPU",,nmon,app,views,form,admin,"ip-10-0-1-70.us-west-2.compute.internal","apps/nmon/data/ui/views/Dashboard_bulletcharts","1970-01-01T00:00:00+00:00"
"Dashboard_heatmap_daily_usage","Dashboard heatmap calendar daily CPU usage","This dashboard provides mass visualization of daily peak CPU utilization with top hosts drilldown features",nmon,app,views,form,admin,"ip-10-0-1-70.us-west-2.compute.internal","apps/nmon/data/ui/views/Dashboard_heatmap_daily_usage","1970-01-01T00:00:00+00:00"
"Dashboard_uptime","UPTIME evolution over time","Uptime evolution over time, evaluated in days",nmon,app,views,form,admin,"ip-10-0-1-70.us-west-2.compute.internal","apps/nmon/data/ui/views/Dashboard_uptime","1970-01-01T00:00:00+00:00"
Help,"Help & Support","Help & support for Nmon Performance Monitor",nmon,app,views,form,admin,"ip-10-0-1-70.us-west-2.compute.internal","apps/nmon/data/ui/views/Help","1970-01-01T00:00:00+00:00"
"Home_AIX","NMON Performance Monitor","Community edition - version 1.9.21",nmon,app,views,dashboard,admin,"ip-10-0-1-70.us-west-2.compute.internal","apps/nmon/data/ui/views/Home_AIX","1970-01-01T00:00:00+00:00"
"Home_HOWTOs",HOWTOs,"HOWTOs interfaces helps you creating your own searches using the Splunk Search Language Processing (SPL)",nmon,app,views,dashboard,admin,"ip-10-0-1-70.us-west-2.compute.internal","apps/nmon/data/ui/views/Home_HOWTOs","1970-01-01T00:00:00+00:00"
"Home_LINUX","NMON Performance Monitor","Community edition - version 1.9.20",nmon,app,views,dashboard,admin,"ip-10-0-1-70.us-west-2.compute.internal","apps/nmon/data/ui/views/Home_LINUX","1970-01-01T00:00:00+00:00"
"Home_SOLARIS","NMON Performance Monitor","Community edition - version 1.9.21",nmon,app,views,dashboard,admin,"ip-10-0-1-70.us-west-2.compute.internal","apps/nmon/data/ui/views/Home_SOLARIS","1970-01-01T00:00:00+00:00"
"Howto_CPU_ALL_spl","HOWTO CPU_ALL: Generate stats and charts with Splunk Search Processing Language (SPL)","This collection of request samples will help you generating your own reports, dashboards and alerts for Nmon Performance data using the native Search Processing Language",nmon,app,views,form,admin,"ip-10-0-1-70.us-west-2.compute.internal","apps/nmon/data/ui/views/Howto_CPU_ALL_spl","1970-01-01T00:00:00+00:00"
"Howto_DISK_DG_spl","HOWTO DISK extended (DG): Generate stats and charts with Splunk Search Processing Language (SPL)","This collection of request samples will help you generating your own reports, dashboards and alerts for Nmon Performance data using the native Search Processing Language",nmon,app,views,form,admin,"ip-10-0-1-70.us-west-2.compute.internal","apps/nmon/data/ui/views/Howto_DISK_DG_spl","1970-01-01T00:00:00+00:00"
"Howto_DISK_spl","HOWTO DISK: Generate stats and charts with Splunk Search Processing Language (SPL)","This collection of request samples will help you generating your own reports, dashboards and alerts for Nmon Performance data using the native Search Processing Language",nmon,app,views,form,admin,"ip-10-0-1-70.us-west-2.compute.internal","apps/nmon/data/ui/views/Howto_DISK_spl","1970-01-01T00:00:00+00:00"
"Howto_LPAR_partitions_spl","HOWTO LPAR: Generate stats and charts with Splunk Search Processing Language (SPL) for IBM Pseries micro-partitions","This collection of request samples will help you generating your own reports, dashboards and alerts for Nmon Performance data using the native Search Processing Language",nmon,app,views,form,admin,"ip-10-0-1-70.us-west-2.compute.internal","apps/nmon/data/ui/views/Howto_LPAR_partitions_spl","1970-01-01T00:00:00+00:00"
"Howto_LPAR_pools_spl","HOWTO LPAR: Generate stats and charts with Splunk Search Processing Language (SPL) for IBM Pseries Pools","This collection of request samples will help you generating your own reports, dashboards and alerts for Nmon Performance data using the native Search Processing Language",nmon,app,views,form,admin,"ip-10-0-1-70.us-west-2.compute.internal","apps/nmon/data/ui/views/Howto_LPAR_pools_spl","1970-01-01T00:00:00+00:00"
"Howto_MEM_spl","HOWTO MEM: Generate stats and charts with Splunk Search Processing Language (SPL)","This collection of request samples will help you generating your own reports, dashboards and alerts for Nmon Performance data using the native Search Processing Language",nmon,app,views,form,admin,"ip-10-0-1-70.us-west-2.compute.internal","apps/nmon/data/ui/views/Howto_MEM_spl","1970-01-01T00:00:00+00:00"
"Howto_NET_spl","HOWTO NET: Generate stats and charts with Splunk Search Processing Language (SPL)","This collection of request samples will help you generating your own reports, dashboards and alerts for Nmon Performance data using the native Search Processing Language",nmon,app,views,form,admin,"ip-10-0-1-70.us-west-2.compute.internal","apps/nmon/data/ui/views/Howto_NET_spl","1970-01-01T00:00:00+00:00"
"Howto_TOP_spl","HOWTO TOP: Generate stats and charts with Splunk Search Processing Language (SPL)","This collection of request samples will help you generating your own reports, dashboards and alerts for Nmon Performance data using the native Search Processing Language",nmon,app,views,form,admin,"ip-10-0-1-70.us-west-2.compute.internal","apps/nmon/data/ui/views/Howto_TOP_spl","1970-01-01T00:00:00+00:00"
"Nmon_ANALYSER_AIX","NMON Analyser AIX",,nmon,app,views,form,admin,"ip-10-0-1-70.us-west-2.compute.internal","apps/nmon/data/ui/views/Nmon_ANALYSER_AIX","1970-01-01T00:00:00+00:00"
"Nmon_ANALYSER_LINUX","NMON Analyser LINUX",,nmon,app,views,form,admin,"ip-10-0-1-70.us-west-2.compute.internal","apps/nmon/data/ui/views/Nmon_ANALYSER_LINUX","1970-01-01T00:00:00+00:00"
"Nmon_ANALYSER_SOLARIS","NMON Analyser SOLARIS",,nmon,app,views,form,admin,"ip-10-0-1-70.us-west-2.compute.internal","apps/nmon/data/ui/views/Nmon_ANALYSER_SOLARIS","1970-01-01T00:00:00+00:00"
"Nmon_Dark","Dark MONITORING",,nmon,app,views,form,admin,"ip-10-0-1-70.us-west-2.compute.internal","apps/nmon/data/ui/views/Nmon_Dark","1970-01-01T00:00:00+00:00"
"Nmon_Summary","NMON Summary Light Analysis",,nmon,app,views,form,admin,"ip-10-0-1-70.us-west-2.compute.internal","apps/nmon/data/ui/views/Nmon_Summary","1970-01-01T00:00:00+00:00"
"Nmon_WOF","NMON Performance - Wall Of Performance",,nmon,app,views,form,admin,"ip-10-0-1-70.us-west-2.compute.internal","apps/nmon/data/ui/views/Nmon_WOF","1970-01-01T00:00:00+00:00"
"Nmon_baseline","NMON Baseline Analysis","Analyse main system key metrics against the baseline to determine derivation anomalies",nmon,app,views,form,admin,"ip-10-0-1-70.us-west-2.compute.internal","apps/nmon/data/ui/views/Nmon_baseline","1970-01-01T00:00:00+00:00"
"Nmon_baseline_AIX","NMON AIX Baseline Analysis","Analyse main system key metrics against the baseline to determine derivation anomalies",nmon,app,views,form,admin,"ip-10-0-1-70.us-west-2.compute.internal","apps/nmon/data/ui/views/Nmon_baseline_AIX","1970-01-01T00:00:00+00:00"
Octamis,"OCTAMIS - The Big Data consultant company",,nmon,app,views,dashboard,admin,"ip-10-0-1-70.us-west-2.compute.internal","apps/nmon/data/ui/views/Octamis","1970-01-01T00:00:00+00:00"
"UI_Alert_Center","ALERT CENTER","NMON Triggered Alerts Analysis",nmon,app,views,form,admin,"ip-10-0-1-70.us-west-2.compute.internal","apps/nmon/data/ui/views/UI_Alert_Center","1970-01-01T00:00:00+00:00"
"UI_Nmon_CONFIG","UI CONFIG, Full Host Configuration viewer","Extraction of AAA and BBB* configuration sections from Nmon raw data",nmon,app,views,form,admin,"ip-10-0-1-70.us-west-2.compute.internal","apps/nmon/data/ui/views/UI_Nmon_CONFIG","1970-01-01T00:00:00+00:00"
"UI_Nmon_CONFIG_simple_inventory","UI CONFIG, Inventory Data for All OS","User Interface for Inventory Data Summary (All Operating Systems)",nmon,app,views,form,admin,"ip-10-0-1-70.us-west-2.compute.internal","apps/nmon/data/ui/views/UI_Nmon_CONFIG_simple_inventory","1970-01-01T00:00:00+00:00"
"UI_Nmon_CONFIG_simple_inventory_AIX","UI CONFIG, Inventory for AIX OS","User Interface for Inventory Data of AIX systems",nmon,app,views,form,admin,"ip-10-0-1-70.us-west-2.compute.internal","apps/nmon/data/ui/views/UI_Nmon_CONFIG_simple_inventory_AIX","1970-01-01T00:00:00+00:00"
"UI_Nmon_CONFIG_simple_inventory_LINUX","UI CONFIG, Inventory for Linux OS","User Interface for inventory data of Linux systems",nmon,app,views,form,admin,"ip-10-0-1-70.us-west-2.compute.internal","apps/nmon/data/ui/views/UI_Nmon_CONFIG_simple_inventory_LINUX","1970-01-01T00:00:00+00:00"
"UI_Nmon_CONFIG_simple_inventory_SOLARIS","UI CONFIG, Inventory for Solaris OS","User Interface for inventory data of Solaris systems",nmon,app,views,form,admin,"ip-10-0-1-70.us-west-2.compute.internal","apps/nmon/data/ui/views/UI_Nmon_CONFIG_simple_inventory_SOLARIS","1970-01-01T00:00:00+00:00"
"UI_Nmon_CPU_ALL","UI CPU_ALL - CPU Percentage usage advanced analysis","User Interface for the CPU_ALL monitor, Processor Percentage utilization statistics",nmon,app,views,form,admin,"ip-10-0-1-70.us-west-2.compute.internal","apps/nmon/data/ui/views/UI_Nmon_CPU_ALL","1970-01-01T00:00:00+00:00"
"UI_Nmon_CPUnn","UI CPUnn - CPU Percentage usage per core advanced analysis","User Interface for the CPUnn monitor, Processor Percentage utilization statistics per logical core",nmon,app,views,form,admin,"ip-10-0-1-70.us-west-2.compute.internal","apps/nmon/data/ui/views/UI_Nmon_CPUnn","1970-01-01T00:00:00+00:00"
"UI_Nmon_DG","UI DG, Disks extended statistics","User Interface for the disks extended performance monitors",nmon,app,views,form,admin,"ip-10-0-1-70.us-west-2.compute.internal","apps/nmon/data/ui/views/UI_Nmon_DG","1970-01-01T00:00:00+00:00"
"UI_Nmon_DISKBSIZE","UI DISKBSIZE, Average data transfer size (block size) for read/write operations","User Interface for the DISKBSIZE monitor",nmon,app,views,form,admin,"ip-10-0-1-70.us-west-2.compute.internal","apps/nmon/data/ui/views/UI_Nmon_DISKBSIZE","1970-01-01T00:00:00+00:00"
"UI_Nmon_DISKBUSY","UI DISKBUSY, Percentage of time a physical disk was active (iostat % tm_act)","User Interface for the DISKBUSY monitor",nmon,app,views,form,admin,"ip-10-0-1-70.us-west-2.compute.internal","apps/nmon/data/ui/views/UI_Nmon_DISKBUSY","1970-01-01T00:00:00+00:00"
"UI_Nmon_DISKREAD-WRITE","UI DISKREAD/WRITE, Disk Read/Write Data Rate","User Interface for DISKREAD and DISKWRITE monitors",nmon,app,views,form,admin,"ip-10-0-1-70.us-west-2.compute.internal","apps/nmon/data/ui/views/UI_Nmon_DISKREAD-WRITE","1970-01-01T00:00:00+00:00"
"UI_Nmon_DISKRIO-WRIO_AIX","UI DISKRIO/WIO, Disk Read/Write I/O per second (AIX)","User Interface for DISKRIO and DISKWIO monitors",nmon,app,views,form,admin,"ip-10-0-1-70.us-west-2.compute.internal","apps/nmon/data/ui/views/UI_Nmon_DISKRIO-WRIO_AIX","1970-01-01T00:00:00+00:00"
"UI_Nmon_DISKSVCTM","UI DISKSVCTM, (ms) Average service time per disk","User Interface for the DISKSVCTM monitor",nmon,app,views,form,admin,"ip-10-0-1-70.us-west-2.compute.internal","apps/nmon/data/ui/views/UI_Nmon_DISKSVCTM","1970-01-01T00:00:00+00:00"
"UI_Nmon_DISKWAITTM","UI DISKWAITTM, (ms) Average wait time per disk","User Interface for the DISKWAITTM monitor",nmon,app,views,form,admin,"ip-10-0-1-70.us-west-2.compute.internal","apps/nmon/data/ui/views/UI_Nmon_DISKWAITTM","1970-01-01T00:00:00+00:00"
"UI_Nmon_DISKXFER","UI DISKXFER, Disk I/O Operations per second (IOPS, iostat tps)","User Interface for the DISKXFER monitor",nmon,app,views,form,admin,"ip-10-0-1-70.us-west-2.compute.internal","apps/nmon/data/ui/views/UI_Nmon_DISKXFER","1970-01-01T00:00:00+00:00"
"UI_Nmon_FC","UI FC, Fiber Channel Adapters Read/Write KB/s transfer, In/Out I/O transfer","User Interface for the FC monitor",nmon,app,views,form,admin,"ip-10-0-1-70.us-west-2.compute.internal","apps/nmon/data/ui/views/UI_Nmon_FC","1970-01-01T00:00:00+00:00"
"UI_Nmon_FILE","UI FILE, Kernel file statistics: per-second frequency of selected file and the TTY statistics","User Interface for the FILE monitor",nmon,app,views,form,admin,"ip-10-0-1-70.us-west-2.compute.internal","apps/nmon/data/ui/views/UI_Nmon_FILE","1970-01-01T00:00:00+00:00"
"UI_Nmon_IOADAPT","UI IOADAPT, Adapters Read/Write / Total Operations","User Interface for the IOADAPT monitor",nmon,app,views,form,admin,"ip-10-0-1-70.us-west-2.compute.internal","apps/nmon/data/ui/views/UI_Nmon_IOADAPT","1970-01-01T00:00:00+00:00"
"UI_Nmon_JFSINODE_AIX","UI JFSINODE, Percentage Inode Usage of FileSystems (AIX)","User Interface for the JFSINODE monitor",nmon,app,views,form,admin,"ip-10-0-1-70.us-west-2.compute.internal","apps/nmon/data/ui/views/UI_Nmon_JFSINODE_AIX","1970-01-01T00:00:00+00:00"
"UI_Nmon_LPAR_AIX","UI LPAR, Micro-Partitions Virtual CPU Usage (AIX)","User Interface for the LPAR monitor and IBM Micro-Partitions CPU usage statistics",nmon,app,views,form,admin,"ip-10-0-1-70.us-west-2.compute.internal","apps/nmon/data/ui/views/UI_Nmon_LPAR_AIX","1970-01-01T00:00:00+00:00"
"UI_Nmon_LPAR_AIX_poolconso","UI LPAR Pool, Pool Virtual CPU Usage (AIX)","User Interface for the LPAR monitor and IBM PSeries Pools usage statistics",nmon,app,views,form,admin,"ip-10-0-1-70.us-west-2.compute.internal","apps/nmon/data/ui/views/UI_Nmon_LPAR_AIX_poolconso","1970-01-01T00:00:00+00:00"
"UI_Nmon_LPAR_LINUX","UI LPAR, Micro-Partitions Physical CPU Usage (PowerLinux)","User Interface for the LPAR monitor and IBM Micro-Partitions CPU usage statistics",nmon,app,views,form,admin,"ip-10-0-1-70.us-west-2.compute.internal","apps/nmon/data/ui/views/UI_Nmon_LPAR_LINUX","1970-01-01T00:00:00+00:00"
"UI_Nmon_LPAR_LINUX_poolconso","UI LPAR Pool, Pool Physical CPU Usage (PowerLinux)","User Interface for the LPAR monitor and IBM PSeries Pools usage statistics",nmon,app,views,form,admin,"ip-10-0-1-70.us-west-2.compute.internal","apps/nmon/data/ui/views/UI_Nmon_LPAR_LINUX_poolconso","1970-01-01T00:00:00+00:00"
"UI_Nmon_MEMNEW_AIX","UI MEMNEW, AIX Memory Allocation Analysis","User Interface for the MEMNEW monitor",nmon,app,views,form,admin,"ip-10-0-1-70.us-west-2.compute.internal","apps/nmon/data/ui/views/UI_Nmon_MEMNEW_AIX","1970-01-01T00:00:00+00:00"
"UI_Nmon_MEMUSE_AIX","UI MEMUSE, AIX vmtune Statistics","User Interface for the MEMUSE monitor",nmon,app,views,form,admin,"ip-10-0-1-70.us-west-2.compute.internal","apps/nmon/data/ui/views/UI_Nmon_MEMUSE_AIX","1970-01-01T00:00:00+00:00"
"UI_Nmon_MEMUSE_SOLARIS","UI MEMUSE, Various Solaris Memory Statistics","User Interface for MEMUSE monitor",nmon,app,views,form,admin,"ip-10-0-1-70.us-west-2.compute.internal","apps/nmon/data/ui/views/UI_Nmon_MEMUSE_SOLARIS","1970-01-01T00:00:00+00:00"
"UI_Nmon_MEM_AIX","UI MEM, AIX Free Memory and Paging space activity","User Interface for the MEM monitor",nmon,app,views,form,admin,"ip-10-0-1-70.us-west-2.compute.internal","apps/nmon/data/ui/views/UI_Nmon_MEM_AIX","1970-01-01T00:00:00+00:00"
"UI_Nmon_MEM_LINUX","UI MEM, Linux Memory and Swap Usage","User Interface for the MEM monitor",nmon,app,views,form,admin,"ip-10-0-1-70.us-west-2.compute.internal","apps/nmon/data/ui/views/UI_Nmon_MEM_LINUX","1970-01-01T00:00:00+00:00"
"UI_Nmon_MEM_SOLARIS","UI MEM, Solaris Memory and Swap Usage","User Interface the MEM monitor",nmon,app,views,form,admin,"ip-10-0-1-70.us-west-2.compute.internal","apps/nmon/data/ui/views/UI_Nmon_MEM_SOLARIS","1970-01-01T00:00:00+00:00"
"UI_Nmon_NET","UI NET, Network Inbound / Outbound Traffic","User Interface for the NET monitor",nmon,app,views,form,admin,"ip-10-0-1-70.us-west-2.compute.internal","apps/nmon/data/ui/views/UI_Nmon_NET","1970-01-01T00:00:00+00:00"
"UI_Nmon_NETERROR","UI NETERROR, Number of errors per Network Interface","User Interface for the NETERROR monitor",nmon,app,views,form,admin,"ip-10-0-1-70.us-west-2.compute.internal","apps/nmon/data/ui/views/UI_Nmon_NETERROR","1970-01-01T00:00:00+00:00"
"UI_Nmon_NETPACKET","UI NETPACKET, Number of read/write packets per Network Interface","User Interface for the NETPACKET monitor",nmon,app,views,form,admin,"ip-10-0-1-70.us-west-2.compute.internal","apps/nmon/data/ui/views/UI_Nmon_NETPACKET","1970-01-01T00:00:00+00:00"
"UI_Nmon_NFS","UI NFS, Network FileSystem Server / Client statistics","User Interface for the NFS monitor",nmon,app,views,form,admin,"ip-10-0-1-70.us-west-2.compute.internal","apps/nmon/data/ui/views/UI_Nmon_NFS","1970-01-01T00:00:00+00:00"
"UI_Nmon_PAGE_AIX","UI PAGE, Paging Statistics (AIX)","User Interface for the PAGE monitor",nmon,app,views,form,admin,"ip-10-0-1-70.us-west-2.compute.internal","apps/nmon/data/ui/views/UI_Nmon_PAGE_AIX","1970-01-01T00:00:00+00:00"
"UI_Nmon_POOLS","UI POOLS, IBM Pseries POOLS statistics","User Interface for the POOLS monitor and IBM PSeries Pools usage statistics",nmon,app,views,form,admin,"ip-10-0-1-70.us-west-2.compute.internal","apps/nmon/data/ui/views/UI_Nmon_POOLS","1970-01-01T00:00:00+00:00"
"UI_Nmon_PROC","UI PROC, Kernel Internal Statistics","User Interface for the PROC monitor",nmon,app,views,form,admin,"ip-10-0-1-70.us-west-2.compute.internal","apps/nmon/data/ui/views/UI_Nmon_PROC","1970-01-01T00:00:00+00:00"
"UI_Nmon_PROCSOL_SOLARIS","UI PROCSOL, Percentage of Time Processes have spent in (Solaris)","User Interface for the Solaris PROCSOL monitor",nmon,app,views,form,admin,"ip-10-0-1-70.us-west-2.compute.internal","apps/nmon/data/ui/views/UI_Nmon_PROCSOL_SOLARIS","1970-01-01T00:00:00+00:00"
"UI_Nmon_SEAPACKET","UI SEAPACKET, Shared Ethernet Adapter Number of read/write packets","User Interface for the SEAPACKET monitor (IBM PSeries Vios)",nmon,app,views,form,admin,"ip-10-0-1-70.us-west-2.compute.internal","apps/nmon/data/ui/views/UI_Nmon_SEAPACKET","1970-01-01T00:00:00+00:00"
"UI_Nmon_SEATRAFFIC","UI SEA, Ethernet (Shared and Physical) Adapters Traffic Analysis","User Interface for the SEA monitor (IBM PSeries Vios)",nmon,app,views,form,admin,"ip-10-0-1-70.us-west-2.compute.internal","apps/nmon/data/ui/views/UI_Nmon_SEATRAFFIC","1970-01-01T00:00:00+00:00"
"UI_Nmon_STORAGE","UI STORAGE, utilization statistics of file systems","User Interface for file systems related statistics (DF_STORAGE, DF_INODES)",nmon,app,views,form,admin,"ip-10-0-1-70.us-west-2.compute.internal","apps/nmon/data/ui/views/UI_Nmon_STORAGE","1970-01-01T00:00:00+00:00"
"UI_Nmon_TOP_AIX","UI TOP, AIX Processes System Resources statistics","User Interface for the TOP monitor on AIX Systems",nmon,app,views,form,admin,"ip-10-0-1-70.us-west-2.compute.internal","apps/nmon/data/ui/views/UI_Nmon_TOP_AIX","1970-01-01T00:00:00+00:00"
"UI_Nmon_TOP_LINUX","UI TOP, Linux Processes System Resources statistics","User Interface for the TOP monitor on Linux Systems",nmon,app,views,form,admin,"ip-10-0-1-70.us-west-2.compute.internal","apps/nmon/data/ui/views/UI_Nmon_TOP_LINUX","1970-01-01T00:00:00+00:00"
"UI_Nmon_TOP_SOLARIS","UI TOP, Solaris Processes System Resources statistics","User Interface for the TOP monitor on Solaris Systems",nmon,app,views,form,admin,"ip-10-0-1-70.us-west-2.compute.internal","apps/nmon/data/ui/views/UI_Nmon_TOP_SOLARIS","1970-01-01T00:00:00+00:00"
"UI_Nmon_UARG_AIX","UI UARG, Search Commands Arguments","User Interface for the UARG monitor on AIX systems",nmon,app,views,form,admin,"ip-10-0-1-70.us-west-2.compute.internal","apps/nmon/data/ui/views/UI_Nmon_UARG_AIX","1970-01-01T00:00:00+00:00"
"UI_Nmon_UARG_LINUX","UI UARG, Search Commands Arguments","User Interface for the UARG data on Linux systems",nmon,app,views,form,admin,"ip-10-0-1-70.us-west-2.compute.internal","apps/nmon/data/ui/views/UI_Nmon_UARG_LINUX","1970-01-01T00:00:00+00:00"
"UI_Nmon_UARG_SOLARIS","UI UARG, Search Commands Arguments","User Interface for the UARG monitor on Solaris systems",nmon,app,views,form,admin,"ip-10-0-1-70.us-west-2.compute.internal","apps/nmon/data/ui/views/UI_Nmon_UARG_SOLARIS","1970-01-01T00:00:00+00:00"
"UI_Nmon_VM_LINUX","UI VM, Linux Virtual Memory Statistics","User Interface for the VM monitor on Linux Systems",nmon,app,views,form,admin,"ip-10-0-1-70.us-west-2.compute.internal","apps/nmon/data/ui/views/UI_Nmon_VM_LINUX","1970-01-01T00:00:00+00:00"
"UI_Nmon_VM_SOLARIS","UI VM, Solaris Virtual Memory Statistics (Solaris)","User Interface for the VM monitor on Solaris Systems",nmon,app,views,form,admin,"ip-10-0-1-70.us-west-2.compute.internal","apps/nmon/data/ui/views/UI_Nmon_VM_SOLARIS","1970-01-01T00:00:00+00:00"
"UI_Nmon_WLM_AIX","UI WLM, AIX Workload Manager","User Interface for WLM on AIX systems",nmon,app,views,form,admin,"ip-10-0-1-70.us-west-2.compute.internal","apps/nmon/data/ui/views/UI_Nmon_WLM_AIX","1970-01-01T00:00:00+00:00"
"UI_Nmon_WLM_CPU","UI WLM, Solaris Project, Zone, Task and User CPU % Statistics","User Interface for WLM CPU monitors on Solaris Systems",nmon,app,views,form,admin,"ip-10-0-1-70.us-west-2.compute.internal","apps/nmon/data/ui/views/UI_Nmon_WLM_CPU","1970-01-01T00:00:00+00:00"
"UI_Nmon_WLM_MEM","UI WLM, Solaris Project, Zone, Task and User MEM % Statistics","User Interface for WLM Memory monitors on Solaris Systems",nmon,app,views,form,admin,"ip-10-0-1-70.us-west-2.compute.internal","apps/nmon/data/ui/views/UI_Nmon_WLM_MEM","1970-01-01T00:00:00+00:00"
"UI_Nmon_compare","UI Comparison - Advanced interface for comparative analysis","The comparative analysis provides advanced insights for your server metrics between different time ranges",nmon,app,views,form,admin,"ip-10-0-1-70.us-west-2.compute.internal","apps/nmon/data/ui/views/UI_Nmon_compare","1970-01-01T00:00:00+00:00"
"UI_Nmon_predict","NMON Predictive interface, Predictive analysis using the forecasting predict command","",nmon,app,views,form,admin,"ip-10-0-1-70.us-west-2.compute.internal","apps/nmon/data/ui/views/UI_Nmon_predict","1970-01-01T00:00:00+00:00"
"UI_data_dictionary","Data Dictionary - Discover and Explore Nmon Splunk Application Data","Explore the data definition with the Dendogram visualization",nmon,app,views,form,admin,"ip-10-0-1-70.us-west-2.compute.internal","apps/nmon/data/ui/views/UI_data_dictionary","1970-01-01T00:00:00+00:00"
documentation,"Number Display Viz - Documentation",,"number_display_viz",app,views,form,nobody,"ip-10-0-1-70.us-west-2.compute.internal","apps/number_display_viz/data/ui/views/documentation","1970-01-01T00:00:00+00:00"
about,About,"About the Performance Analysis visualization.","performance-analysis",app,views,dashboard,nobody,"ip-10-0-1-70.us-west-2.compute.internal","apps/performance-analysis/data/ui/views/about","1970-01-01T00:00:00+00:00"
"drill_down_and_token_examples","Drill Down and Token Examples","Examples of using the Performance Analysis Viz to drill down to issues, and use tokens to create interactive dashboards.","performance-analysis",app,views,dashboard,nobody,"ip-10-0-1-70.us-west-2.compute.internal","apps/performance-analysis/data/ui/views/drill_down_and_token_examples","1970-01-01T00:00:00+00:00"
settings,Settings,"How to use settings to customize the visualization.","performance-analysis",app,views,dashboard,nobody,"ip-10-0-1-70.us-west-2.compute.internal","apps/performance-analysis/data/ui/views/settings","1970-01-01T00:00:00+00:00"
"visualisation_examples","Visualisation Examples","Showing Server and Application performance","performance-analysis",app,views,dashboard,nobody,"ip-10-0-1-70.us-west-2.compute.internal","apps/performance-analysis/data/ui/views/visualisation_examples","1970-01-01T00:00:00+00:00"
test,test,,search,user,views,form,admin,"ip-10-0-1-70.us-west-2.compute.internal","users/admin/search/data/ui/views/test","2020-01-18T21:22:14+00:00"
apache,Apache,,"sh_collectd",app,views,form,nobody,"ip-10-0-1-70.us-west-2.compute.internal","apps/sh_collectd/data/ui/views/apache","1970-01-01T00:00:00+00:00"
"cpu_metric","CPU Detail",,"sh_collectd",app,views,form,nobody,"ip-10-0-1-70.us-west-2.compute.internal","apps/sh_collectd/data/ui/views/cpu_metric","2019-12-31T18:10:37+00:00"
"load_metric",Load,,"sh_collectd",app,views,form,nobody,"ip-10-0-1-70.us-west-2.compute.internal","apps/sh_collectd/data/ui/views/load_metric","1970-01-01T00:00:00+00:00"
"mem_metric",Memory,,"sh_collectd",app,views,form,nobody,"ip-10-0-1-70.us-west-2.compute.internal","apps/sh_collectd/data/ui/views/mem_metric","1970-01-01T00:00:00+00:00"
"metrics_comparison","Metrics Comparison","Download and install the Horizon Chart custom visualization: https://splunkbase.splunk.com/app/3117/","sh_collectd",app,views,form,nobody,"ip-10-0-1-70.us-west-2.compute.internal","apps/sh_collectd/data/ui/views/metrics_comparison","1970-01-01T00:00:00+00:00"
"metrics_explorer","Metrics Explorer",,"sh_collectd",app,views,form,nobody,"ip-10-0-1-70.us-west-2.compute.internal","apps/sh_collectd/data/ui/views/metrics_explorer","1970-01-01T00:00:00+00:00"
"metrics_trellis","Metrics Navigator","Chart host metrics by object over time. Download and install the Horseshoe custom visualization: https://splunkbase.splunk.com/app/3166/","sh_collectd",app,views,form,nobody,"ip-10-0-1-70.us-west-2.compute.internal","apps/sh_collectd/data/ui/views/metrics_trellis","1970-01-01T00:00:00+00:00"
"net_metric",Network,,"sh_collectd",app,views,form,nobody,"ip-10-0-1-70.us-west-2.compute.internal","apps/sh_collectd/data/ui/views/net_metric","1970-01-01T00:00:00+00:00"
nginx,nginx,,"sh_collectd",app,views,form,nobody,"ip-10-0-1-70.us-west-2.compute.internal","apps/sh_collectd/data/ui/views/nginx","1970-01-01T00:00:00+00:00"
overview,Overview,,"sh_collectd",app,views,form,nobody,"ip-10-0-1-70.us-west-2.compute.internal","apps/sh_collectd/data/ui/views/overview","2019-12-31T18:11:23+00:00"
"overview_cpu","CPU Overview",,"sh_collectd",app,views,form,nobody,"ip-10-0-1-70.us-west-2.compute.internal","apps/sh_collectd/data/ui/views/overview_cpu","1970-01-01T00:00:00+00:00"
ping,Ping,,"sh_collectd",app,views,form,nobody,"ip-10-0-1-70.us-west-2.compute.internal","apps/sh_collectd/data/ui/views/ping","1970-01-01T00:00:00+00:00"
"process_state_metric",Processes,,"sh_collectd",app,views,form,nobody,"ip-10-0-1-70.us-west-2.compute.internal","apps/sh_collectd/data/ui/views/process_state_metric","1970-01-01T00:00:00+00:00"
"storage_metric","Storage Trends",,"sh_collectd",app,views,form,nobody,"ip-10-0-1-70.us-west-2.compute.internal","apps/sh_collectd/data/ui/views/storage_metric","1970-01-01T00:00:00+00:00"
"storage_performance","Storage Performance",,"sh_collectd",app,views,form,nobody,"ip-10-0-1-70.us-west-2.compute.internal","apps/sh_collectd/data/ui/views/storage_performance","1970-01-01T00:00:00+00:00"
"storage_timeline_metric","Storage Timeline",,"sh_collectd",app,views,form,nobody,"ip-10-0-1-70.us-west-2.compute.internal","apps/sh_collectd/data/ui/views/storage_timeline_metric","1970-01-01T00:00:00+00:00"
basics,"Javascript Basics",,"simple_xml_examples",app,views,dashboard,nobody,"ip-10-0-1-70.us-west-2.compute.internal","apps/simple_xml_examples/data/ui/views/basics","1970-01-01T00:00:00+00:00"
"condition_match","Search Event Handler Condition Matches","Use advanced condition match in search event handler.","simple_xml_examples",app,views,dashboard,nobody,"ip-10-0-1-70.us-west-2.compute.internal","apps/simple_xml_examples/data/ui/views/condition_match","2020-01-01T22:47:13+00:00"
contents,Examples,,"simple_xml_examples",app,views,dashboard,nobody,"ip-10-0-1-70.us-west-2.compute.internal","apps/simple_xml_examples/data/ui/views/contents","1970-01-01T00:00:00+00:00"
"custom_app_token","Custom Token Definitions","Use Javascript to set tokens in the panel titles, html panels, and for drilldown.","simple_xml_examples",app,views,dashboard,nobody,"ip-10-0-1-70.us-west-2.compute.internal","apps/simple_xml_examples/data/ui/views/custom_app_token","2020-01-01T22:50:30+00:00"
"custom_decorations","Custom Decorations","This example shows decorations using tokens from search results, HTML panels and some custom CSS. The icon are displayed using the Splunk Icon Font.","simple_xml_examples",app,views,dashboard,nobody,"ip-10-0-1-70.us-west-2.compute.internal","apps/simple_xml_examples/data/ui/views/custom_decorations","2020-01-01T22:50:33+00:00"
"custom_drilldown_url_field","Drilldown URL Field Value","Configure drilldown to redirect users to the URL value of the referer field.","simple_xml_examples",app,views,dashboard,nobody,"ip-10-0-1-70.us-west-2.compute.internal","apps/simple_xml_examples/data/ui/views/custom_drilldown_url_field","2020-01-01T22:48:59+00:00"
"custom_event_tokens","Dynamic Token Viewer based on User Events","See live what tokens are available based on drilldown events, input change events, and more.","simple_xml_examples",app,views,form,nobody,"ip-10-0-1-70.us-west-2.compute.internal","apps/simple_xml_examples/data/ui/views/custom_event_tokens","2020-01-01T22:50:30+00:00"
"custom_init_tokens","Set Tokens on Page Load","Set or unset tokens when initializing the page.","simple_xml_examples",app,views,dashboard,nobody,"ip-10-0-1-70.us-west-2.compute.internal","apps/simple_xml_examples/data/ui/views/custom_init_tokens","2020-01-01T22:50:32+00:00"
"custom_layout_dark","Custom Layout: Dark","Apply page-level, custom stylesheets.","simple_xml_examples",app,views,dashboard,nobody,"ip-10-0-1-70.us-west-2.compute.internal","apps/simple_xml_examples/data/ui/views/custom_layout_dark","1970-01-01T00:00:00+00:00"
"custom_layout_overlay_single","Image Overlay with Single Values","Display workflow status visually using an image, and grouped single value elements.","simple_xml_examples",app,views,form,nobody,"ip-10-0-1-70.us-west-2.compute.internal","apps/simple_xml_examples/data/ui/views/custom_layout_overlay_single","2020-01-01T22:49:03+00:00"
"custom_layout_panel_width","Layout Customization: Panel Width","Customize the width of dashboard panels.","simple_xml_examples",app,views,dashboard,nobody,"ip-10-0-1-70.us-west-2.compute.internal","apps/simple_xml_examples/data/ui/views/custom_layout_panel_width","2020-01-01T22:49:02+00:00"
"custom_table_cell_highlighting","Table Cell Highlighting","Color table cells based on conditions having multiple field values.","simple_xml_examples",app,views,dashboard,nobody,"ip-10-0-1-70.us-west-2.compute.internal","apps/simple_xml_examples/data/ui/views/custom_table_cell_highlighting","2020-01-01T22:41:45+00:00"
"custom_table_column_width","Table With Custom Column Width","Modify table column width by custom stylesheet.","simple_xml_examples",app,views,dashboard,nobody,"ip-10-0-1-70.us-west-2.compute.internal","apps/simple_xml_examples/data/ui/views/custom_table_column_width","2020-01-01T22:41:48+00:00"
"custom_table_data_bar","Table with Data Bars","Custom table cell renderer that replaces a field value with a data bar.","simple_xml_examples",app,views,dashboard,nobody,"ip-10-0-1-70.us-west-2.compute.internal","apps/simple_xml_examples/data/ui/views/custom_table_data_bar","2020-01-01T22:41:46+00:00"
"custom_table_icon_set_inline","Table Icon Set (Inline)","Add icons to table cells based on custom conditions.","simple_xml_examples",app,views,dashboard,nobody,"ip-10-0-1-70.us-west-2.compute.internal","apps/simple_xml_examples/data/ui/views/custom_table_icon_set_inline","2020-01-01T22:41:43+00:00"
"custom_table_icon_set_rangemap","Table Icon Set (Rangemap)","Use Javascript and CSS in tables to convert rangemap results into icons.","simple_xml_examples",app,views,dashboard,nobody,"ip-10-0-1-70.us-west-2.compute.internal","apps/simple_xml_examples/data/ui/views/custom_table_icon_set_rangemap","2020-01-01T22:41:42+00:00"
"custom_table_row_expansion","Table Row Expansion","Show more information on click of expansion.","simple_xml_examples",app,views,dashboard,nobody,"ip-10-0-1-70.us-west-2.compute.internal","apps/simple_xml_examples/data/ui/views/custom_table_row_expansion","2020-01-01T22:41:47+00:00"
"custom_table_row_highlighting","Table Row Highlighting","Color table rows based on conditions having multiple field values.","simple_xml_examples",app,views,dashboard,nobody,"ip-10-0-1-70.us-west-2.compute.internal","apps/simple_xml_examples/data/ui/views/custom_table_row_highlighting","2020-01-01T22:41:44+00:00"
"custom_token_links","Custom Token Links","Set tokens from links or buttons in HTML panels.","simple_xml_examples",app,views,dashboard,nobody,"ip-10-0-1-70.us-west-2.compute.internal","apps/simple_xml_examples/data/ui/views/custom_token_links","2020-01-01T22:50:33+00:00"
"custom_token_viewer","Token Viewer (Basic)","Basic token viewer, showing avaialble page-level tokens.","simple_xml_examples",app,views,form,nobody,"ip-10-0-1-70.us-west-2.compute.internal","apps/simple_xml_examples/data/ui/views/custom_token_viewer","2020-01-01T22:50:31+00:00"
"custom_viz_base_search","Custom Visualization with Base Search",,"simple_xml_examples",app,views,dashboard,nobody,"ip-10-0-1-70.us-west-2.compute.internal","apps/simple_xml_examples/data/ui/views/custom_viz_base_search","2020-01-01T22:52:03+00:00"
"custom_viz_bullet_graph","Bullet Graph","Bullet graphs are used to show a given key performance indicator (KPI) and its contextual markers.","simple_xml_examples",app,views,dashboard,nobody,"ip-10-0-1-70.us-west-2.compute.internal","apps/simple_xml_examples/data/ui/views/custom_viz_bullet_graph","2020-01-01T22:50:35+00:00"
"custom_viz_calendar_heatmap","Calendar Heat Map","Calendar Heat Map shows relative metric density over a configured time span.","simple_xml_examples",app,views,dashboard,nobody,"ip-10-0-1-70.us-west-2.compute.internal","apps/simple_xml_examples/data/ui/views/custom_viz_calendar_heatmap","2020-01-01T22:50:34+00:00"
"custom_viz_horizon_chart","Horizon Chart","Horizon charts show metric behavior over time in relation to a baseline or horizon.","simple_xml_examples",app,views,dashboard,nobody,"ip-10-0-1-70.us-west-2.compute.internal","apps/simple_xml_examples/data/ui/views/custom_viz_horizon_chart","2020-01-01T22:50:36+00:00"
"custom_viz_horseshoe","Horseshoe Meter","Use a horseshoe meter to gauge metric changes against a set of ranges or a target value.","simple_xml_examples",app,views,dashboard,nobody,"ip-10-0-1-70.us-west-2.compute.internal","apps/simple_xml_examples/data/ui/views/custom_viz_horseshoe","2020-01-01T22:52:11+00:00"
"custom_viz_location_tracker","Location Tracker","Location Tracker shows the current location of one or more individual resources in real time.","simple_xml_examples",app,views,dashboard,nobody,"ip-10-0-1-70.us-west-2.compute.internal","apps/simple_xml_examples/data/ui/views/custom_viz_location_tracker","2020-01-01T22:50:37+00:00"
"custom_viz_parallel_coordinates","Parallel Coordinates","Parallel coordinates are used to show multidimensional patterns in a data set.","simple_xml_examples",app,views,dashboard,nobody,"ip-10-0-1-70.us-west-2.compute.internal","apps/simple_xml_examples/data/ui/views/custom_viz_parallel_coordinates","2020-01-01T22:50:37+00:00"
"custom_viz_punchcard",Punchcard,"Punchcards can visualize cyclical trends in your data, showing a given metric aggregated over two dimensions.","simple_xml_examples",app,views,dashboard,nobody,"ip-10-0-1-70.us-west-2.compute.internal","apps/simple_xml_examples/data/ui/views/custom_viz_punchcard","2020-01-01T22:52:13+00:00"
"custom_viz_sankey","Sankey Diagram","Sankey diagrams show metric flows and category relationships, visualizing density and trends.","simple_xml_examples",app,views,dashboard,nobody,"ip-10-0-1-70.us-west-2.compute.internal","apps/simple_xml_examples/data/ui/views/custom_viz_sankey","2020-01-01T22:50:34+00:00"
"custom_viz_status_indicator","Status Indicator","Status indicators provide information at a glance, showing a given value and icon.","simple_xml_examples",app,views,dashboard,nobody,"ip-10-0-1-70.us-west-2.compute.internal","apps/simple_xml_examples/data/ui/views/custom_viz_status_indicator","2020-01-01T22:52:07+00:00"
"custom_viz_tag_cloud","Tag Cloud",,"simple_xml_examples",app,views,dashboard,nobody,"ip-10-0-1-70.us-west-2.compute.internal","apps/simple_xml_examples/data/ui/views/custom_viz_tag_cloud","2020-01-01T22:51:39+00:00"
"custom_viz_timeline",Timeline,"timeline visualization shows activity time intervals and discrete events for a resource set","simple_xml_examples",app,views,dashboard,nobody,"ip-10-0-1-70.us-west-2.compute.internal","apps/simple_xml_examples/data/ui/views/custom_viz_timeline","2020-01-01T22:50:35+00:00"
"custom_viz_tokens","Tag Cloud with Tokens",,"simple_xml_examples",app,views,form,nobody,"ip-10-0-1-70.us-west-2.compute.internal","apps/simple_xml_examples/data/ui/views/custom_viz_tokens","2020-01-01T22:51:42+00:00"
"custom_viz_treemap",Treemap,"Treemaps divide a single space into multiple rectangles to show data values and category relationships.","simple_xml_examples",app,views,form,nobody,"ip-10-0-1-70.us-west-2.compute.internal","apps/simple_xml_examples/data/ui/views/custom_viz_treemap","2020-01-01T22:50:38+00:00"
"implement_examples","Simple XML Extensions Examples",,"simple_xml_examples",app,views,dashboard,nobody,"ip-10-0-1-70.us-west-2.compute.internal","apps/simple_xml_examples/data/ui/views/implement_examples","1970-01-01T00:00:00+00:00"
"link_switcher","Link Switcher","Toggle dashboard content using a list of links.","simple_xml_examples",app,views,form,nobody,"ip-10-0-1-70.us-west-2.compute.internal","apps/simple_xml_examples/data/ui/views/link_switcher","2020-01-01T22:48:55+00:00"
notavailable,"Not Available",,"simple_xml_examples",app,views,dashboard,nobody,"ip-10-0-1-70.us-west-2.compute.internal","apps/simple_xml_examples/data/ui/views/notavailable","1970-01-01T00:00:00+00:00"
"null_search_swapper","Null Search Swapper","Control viz and search behavior based on search result count.","simple_xml_examples",app,views,form,nobody,"ip-10-0-1-70.us-west-2.compute.internal","apps/simple_xml_examples/data/ui/views/null_search_swapper","2020-01-01T22:47:09+00:00"
overview,Overview,,"simple_xml_examples",app,views,dashboard,nobody,"ip-10-0-1-70.us-west-2.compute.internal","apps/simple_xml_examples/data/ui/views/overview","2020-01-25T23:48:15+00:00"
"show_time_ranges","Show Search Time Range","Show the effective search time range in the title of a visualization.","simple_xml_examples",app,views,form,nobody,"ip-10-0-1-70.us-west-2.compute.internal","apps/simple_xml_examples/data/ui/views/show_time_ranges","2020-01-01T22:47:13+00:00"
"simple_auto_refresh","Auto-Refresh Dashboard","Dashboard that reloads after a specified refresh interval (10 seconds).","simple_xml_examples",app,views,dashboard,nobody,"ip-10-0-1-70.us-west-2.compute.internal","apps/simple_xml_examples/data/ui/views/simple_auto_refresh","1970-01-01T00:00:00+00:00"
"simple_chart","Chart Element","Add graphs, charts, and gauges to dashboards.","simple_xml_examples",app,views,dashboard,nobody,"ip-10-0-1-70.us-west-2.compute.internal","apps/simple_xml_examples/data/ui/views/simple_chart","2020-01-01T22:43:44+00:00"
"simple_chart_bubble","Bubble Chart","Bubble charts can help visualize data in three dimensions.","simple_xml_examples",app,views,dashboard,nobody,"ip-10-0-1-70.us-west-2.compute.internal","apps/simple_xml_examples/data/ui/views/simple_chart_bubble","2020-01-01T22:46:15+00:00"
"simple_chart_color_options","Chart Color Options","Use built-in chart color options to set background, foreground, font, and seriesColors.","simple_xml_examples",app,views,dashboard,nobody,"ip-10-0-1-70.us-west-2.compute.internal","apps/simple_xml_examples/data/ui/views/simple_chart_color_options","2020-01-01T22:44:47+00:00"
"simple_chart_enhancements","Chart Enhancements","Several new charting options to improve metric and multi-series monitoring use cases.","simple_xml_examples",app,views,form,nobody,"ip-10-0-1-70.us-west-2.compute.internal","apps/simple_xml_examples/data/ui/views/simple_chart_enhancements","2020-01-01T22:44:44+00:00"
"simple_chart_gauges","Splunk Gauges","Visualize a single numeric value.","simple_xml_examples",app,views,dashboard,nobody,"ip-10-0-1-70.us-west-2.compute.internal","apps/simple_xml_examples/data/ui/views/simple_chart_gauges","2020-01-01T22:44:46+00:00"
"simple_chart_overlay","Chart Overlay","Show limits and other data on one chart.","simple_xml_examples",app,views,form,nobody,"ip-10-0-1-70.us-west-2.compute.internal","apps/simple_xml_examples/data/ui/views/simple_chart_overlay","2020-01-01T22:44:43+00:00"
"simple_chart_range_selection","Pan and Zoom Chart Controls","Charts allow you to select a range to zoom in.  Alternatively you can use that data to drilldown further into your data.","simple_xml_examples",app,views,dashboard,nobody,"ip-10-0-1-70.us-west-2.compute.internal","apps/simple_xml_examples/data/ui/views/simple_chart_range_selection","2020-01-01T22:49:00+00:00"
"simple_choropleth","Choropleth Maps","Visualize a metric that varies across a (custom) geographic region.","simple_xml_examples",app,views,dashboard,nobody,"ip-10-0-1-70.us-west-2.compute.internal","apps/simple_xml_examples/data/ui/views/simple_choropleth","1970-01-01T00:00:00+00:00"
"simple_choropleth_color_mode","Choropleth Map Color Modes","Choose between three color modes and find one that best fits your data.","simple_xml_examples",app,views,dashboard,nobody,"ip-10-0-1-70.us-west-2.compute.internal","apps/simple_xml_examples/data/ui/views/simple_choropleth_color_mode","1970-01-01T00:00:00+00:00"
"simple_display_controls","Dashboard Display Controls","Turn on or off display of common components like the header, title, edit controls.","simple_xml_examples",app,views,dashboard,nobody,"ip-10-0-1-70.us-west-2.compute.internal","apps/simple_xml_examples/data/ui/views/simple_display_controls","2020-01-01T22:49:05+00:00"
"simple_display_controls_example","Display Controls Example","","simple_xml_examples",app,views,dashboard,nobody,"ip-10-0-1-70.us-west-2.compute.internal","apps/simple_xml_examples/data/ui/views/simple_display_controls_example","1970-01-01T00:00:00+00:00"
"simple_drilldown_no_action","Disable Drilldown Action","Disable drilldown action through UI Editor or editing XML.","simple_xml_examples",app,views,dashboard,nobody,"ip-10-0-1-70.us-west-2.compute.internal","apps/simple_xml_examples/data/ui/views/simple_drilldown_no_action","2020-01-01T22:48:56+00:00"
"simple_drilldown_to_custom_url","Drilldown Link to Custom URL","Enable link to custom url action through UI Editor or editing XML.","simple_xml_examples",app,views,dashboard,nobody,"ip-10-0-1-70.us-west-2.compute.internal","apps/simple_xml_examples/data/ui/views/simple_drilldown_to_custom_url","2020-01-01T22:48:58+00:00"
"simple_drilldown_to_dashboard","Drilldown Link to Dashboard","Enable link to dashboard action through UI Editor or editing XML.","simple_xml_examples",app,views,dashboard,nobody,"ip-10-0-1-70.us-west-2.compute.internal","apps/simple_xml_examples/data/ui/views/simple_drilldown_to_dashboard","2020-01-01T22:48:57+00:00"
"simple_drilldown_to_report","Drilldown Link to Report","Enable link to report action through UI Editor or editing XML.","simple_xml_examples",app,views,dashboard,nobody,"ip-10-0-1-70.us-west-2.compute.internal","apps/simple_xml_examples/data/ui/views/simple_drilldown_to_report","2020-01-01T22:48:59+00:00"
"simple_drilldown_to_search","Drilldown to Search","Enable drilldown to search action through UI editor or editing XML.","simple_xml_examples",app,views,dashboard,nobody,"ip-10-0-1-70.us-west-2.compute.internal","apps/simple_xml_examples/data/ui/views/simple_drilldown_to_search","2020-01-01T22:48:56+00:00"
"simple_drilldown_to_tokens","In-page Drilldown with Perma-Linking","Enable in-page interaction through UI Editor or editing XML.","simple_xml_examples",app,views,form,nobody,"ip-10-0-1-70.us-west-2.compute.internal","apps/simple_xml_examples/data/ui/views/simple_drilldown_to_tokens","2020-01-01T22:48:57+00:00"
"simple_environment_tokens","Default Environment Tokens","Global default environment tokens available on initial load, and can be used throughout the page.","simple_xml_examples",app,views,dashboard,nobody,"ip-10-0-1-70.us-west-2.compute.internal","apps/simple_xml_examples/data/ui/views/simple_environment_tokens","2020-01-01T22:50:31+00:00"
"simple_eval_tokens","Eval Token Expressions","Use Splunk eval expressions within the token setter to format or transform values.","simple_xml_examples",app,views,dashboard,nobody,"ip-10-0-1-70.us-west-2.compute.internal","apps/simple_xml_examples/data/ui/views/simple_eval_tokens","2020-01-01T22:47:11+00:00"
"simple_event","Event Viewer Element","Visualize the raw data indexed by Splunk Enterprise, with field metadata.","simple_xml_examples",app,views,dashboard,nobody,"ip-10-0-1-70.us-west-2.compute.internal","apps/simple_xml_examples/data/ui/views/simple_event","2020-01-01T22:43:47+00:00"
"simple_event_annotations","Event Annotations","Overlay time-series charts with dynamic, discrete events to provide relevant context.","simple_xml_examples",app,views,dashboard,nobody,"ip-10-0-1-70.us-west-2.compute.internal","apps/simple_xml_examples/data/ui/views/simple_event_annotations","2020-01-01T22:44:45+00:00"
"simple_form_advanced","Form Input - Advanced Controls","Demonstrate various form input operations.","simple_xml_examples",app,views,form,nobody,"ip-10-0-1-70.us-west-2.compute.internal","apps/simple_xml_examples/data/ui/views/simple_form_advanced","2020-01-01T22:48:54+00:00"
"simple_form_cascading","Cascading Form Input","Power a form input from other input values to narrow search results.","simple_xml_examples",app,views,form,nobody,"ip-10-0-1-70.us-west-2.compute.internal","apps/simple_xml_examples/data/ui/views/simple_form_cascading","2020-01-01T22:48:54+00:00"
"simple_form_checkbox","Checkbox Input","Include multiple checkbox selection.","simple_xml_examples",app,views,form,nobody,"ip-10-0-1-70.us-west-2.compute.internal","apps/simple_xml_examples/data/ui/views/simple_form_checkbox","2020-01-01T22:48:52+00:00"
"simple_form_dropdown","Dropdown Form Input Element","Set search terms by populating a form with one or more dropdown options.","simple_xml_examples",app,views,form,nobody,"ip-10-0-1-70.us-west-2.compute.internal","apps/simple_xml_examples/data/ui/views/simple_form_dropdown","2020-01-01T22:48:49+00:00"
"simple_form_inputs_in_panels","Form Elements Within Panels","Example of placing form elements within a panel.","simple_xml_examples",app,views,form,nobody,"ip-10-0-1-70.us-west-2.compute.internal","apps/simple_xml_examples/data/ui/views/simple_form_inputs_in_panels","2020-01-01T22:49:03+00:00"
"simple_form_multiselect","Multiselect Input","Include a multiselect input.","simple_xml_examples",app,views,form,nobody,"ip-10-0-1-70.us-west-2.compute.internal","apps/simple_xml_examples/data/ui/views/simple_form_multiselect","2020-01-01T22:48:53+00:00"
"simple_form_radio","Radio Form Input Element","Set search terms by populating a form with one or more sets of radio buttons.","simple_xml_examples",app,views,form,nobody,"ip-10-0-1-70.us-west-2.compute.internal","apps/simple_xml_examples/data/ui/views/simple_form_radio","2020-01-01T22:49:10+00:00"
"simple_form_text","Text Form Input Element","Set search terms by populating a form with textbox input.","simple_xml_examples",app,views,form,nobody,"ip-10-0-1-70.us-west-2.compute.internal","apps/simple_xml_examples/data/ui/views/simple_form_text","2020-01-01T22:48:48+00:00"
"simple_form_time","Time Picker Input","Add a timerange picker to modify a search time span.","simple_xml_examples",app,views,form,nobody,"ip-10-0-1-70.us-west-2.compute.internal","apps/simple_xml_examples/data/ui/views/simple_form_time","2020-01-01T22:48:52+00:00"
"simple_form_timerange_in_panels","Time Range Picker Within Panels","Example of placing a time range picker within a panel.","simple_xml_examples",app,views,form,nobody,"ip-10-0-1-70.us-west-2.compute.internal","apps/simple_xml_examples/data/ui/views/simple_form_timerange_in_panels","2020-01-01T22:49:04+00:00"
"simple_html","HTML Element","Include static HTML content.  Useful for descriptions, links, and context.","simple_xml_examples",app,views,dashboard,nobody,"ip-10-0-1-70.us-west-2.compute.internal","apps/simple_xml_examples/data/ui/views/simple_html","2020-01-01T22:43:48+00:00"
"simple_input_change","Input Multi-token Setter","Set multiple tokens within form inputs to drive multiple searches, better labeling, and more.","simple_xml_examples",app,views,form,nobody,"ip-10-0-1-70.us-west-2.compute.internal","apps/simple_xml_examples/data/ui/views/simple_input_change","2020-01-01T22:48:55+00:00"
"simple_layout_grouping_chart","Panel Grouping with Charts","Group multiple charts, tables, html panels, or events, aligning vertically.","simple_xml_examples",app,views,dashboard,nobody,"ip-10-0-1-70.us-west-2.compute.internal","apps/simple_xml_examples/data/ui/views/simple_layout_grouping_chart","2020-01-01T22:49:02+00:00"
"simple_layout_grouping_single","Panel Grouping with Single Values","Group multiple single value elements, aligning horizontally.","simple_xml_examples",app,views,dashboard,nobody,"ip-10-0-1-70.us-west-2.compute.internal","apps/simple_xml_examples/data/ui/views/simple_layout_grouping_single","2020-01-01T22:49:01+00:00"
"simple_layout_panels","Multiple Panels to a Row","Organize similar content in a single row.","simple_xml_examples",app,views,dashboard,nobody,"ip-10-0-1-70.us-west-2.compute.internal","apps/simple_xml_examples/data/ui/views/simple_layout_panels","2020-01-01T22:49:00+00:00"
"simple_maps","Map Element","Plot geographical data on integrated maps.","simple_xml_examples",app,views,dashboard,nobody,"ip-10-0-1-70.us-west-2.compute.internal","apps/simple_xml_examples/data/ui/views/simple_maps","2020-01-01T22:41:50+00:00"
"simple_panel_refresh","Refresh Controls","Control refresh time.","simple_xml_examples",app,views,dashboard,nobody,"ip-10-0-1-70.us-west-2.compute.internal","apps/simple_xml_examples/data/ui/views/simple_panel_refresh","2020-01-01T22:47:11+00:00"
"simple_predict_charts","Predictive Analytics in Charts","","simple_xml_examples",app,views,dashboard,nobody,"ip-10-0-1-70.us-west-2.compute.internal","apps/simple_xml_examples/data/ui/views/simple_predict_charts","1970-01-01T00:00:00+00:00"
"simple_search_data_sampling","Dashboard Data Sampling","Probabilistic method of returning a limited sample of search results.","simple_xml_examples",app,views,dashboard,nobody,"ip-10-0-1-70.us-west-2.compute.internal","apps/simple_xml_examples/data/ui/views/simple_search_data_sampling","2020-01-01T22:47:12+00:00"
"simple_search_inline","Inline Search","Use a search query to power dashboard elements.","simple_xml_examples",app,views,dashboard,nobody,"ip-10-0-1-70.us-west-2.compute.internal","apps/simple_xml_examples/data/ui/views/simple_search_inline","2020-01-01T22:46:21+00:00"
"simple_search_multi","Multi-Search Management","Manage multiple background searches to drive various elements on the dashboard.","simple_xml_examples",app,views,dashboard,nobody,"ip-10-0-1-70.us-west-2.compute.internal","apps/simple_xml_examples/data/ui/views/simple_search_multi","2020-01-01T22:47:09+00:00"
"simple_search_postprocess","Post Process Search","Use a post process query to further filter a global search.","simple_xml_examples",app,views,form,nobody,"ip-10-0-1-70.us-west-2.compute.internal","apps/simple_xml_examples/data/ui/views/simple_search_postprocess","2020-01-01T22:47:07+00:00"
"simple_search_realtime","Real-time Search","Use a real-time search for continuous trend updating.","simple_xml_examples",app,views,dashboard,nobody,"ip-10-0-1-70.us-west-2.compute.internal","apps/simple_xml_examples/data/ui/views/simple_search_realtime","2020-01-01T22:47:08+00:00"
"simple_search_recursive_post_process","Recursive Search Post-process","Chain multiple search post-process searches to further optimize dashboard performance.","simple_xml_examples",app,views,form,nobody,"ip-10-0-1-70.us-west-2.compute.internal","apps/simple_xml_examples/data/ui/views/simple_search_recursive_post_process","2020-01-01T22:47:08+00:00"
"simple_search_refresh","Search Refresh and Refresh Display","Control search refresh and refresh display behavior.","simple_xml_examples",app,views,dashboard,nobody,"ip-10-0-1-70.us-west-2.compute.internal","apps/simple_xml_examples/data/ui/views/simple_search_refresh","2020-01-01T22:47:12+00:00"
"simple_search_report","Report Search","Use a saved report to power dashboard elements.","simple_xml_examples",app,views,dashboard,nobody,"ip-10-0-1-70.us-west-2.compute.internal","apps/simple_xml_examples/data/ui/views/simple_search_report","2020-01-01T22:47:07+00:00"
"simple_search_result_setter","Search Result Setter","Set tokens from the search manager to embed throughout the page.","simple_xml_examples",app,views,dashboard,nobody,"ip-10-0-1-70.us-west-2.compute.internal","apps/simple_xml_examples/data/ui/views/simple_search_result_setter","2020-01-01T22:47:10+00:00"
"simple_single","Single Value Element","Create a single value viz with trend indicator, sparkline, and more.","simple_xml_examples",app,views,dashboard,nobody,"ip-10-0-1-70.us-west-2.compute.internal","apps/simple_xml_examples/data/ui/views/simple_single","2020-01-01T22:41:48+00:00"
"simple_single_color","Single Value With Color","Display single value with color options.","simple_xml_examples",app,views,dashboard,nobody,"ip-10-0-1-70.us-west-2.compute.internal","apps/simple_xml_examples/data/ui/views/simple_single_color","2020-01-01T22:41:49+00:00"
"simple_table","Table Element","Create a simple table using the dashboard editor.","simple_xml_examples",app,views,dashboard,nobody,"ip-10-0-1-70.us-west-2.compute.internal","apps/simple_xml_examples/data/ui/views/simple_table","2020-01-01T22:43:45+00:00"
"simple_table_data_overlay","Table Element with Data Overlay","Add data overlay modes (heatmap, high/values) using the dashboard editor.","simple_xml_examples",app,views,dashboard,nobody,"ip-10-0-1-70.us-west-2.compute.internal","apps/simple_xml_examples/data/ui/views/simple_table_data_overlay","2020-01-01T22:46:17+00:00"
"simple_table_formats","Table Formats","Format columns using built-in table formats (coloring, number formatting).","simple_xml_examples",app,views,dashboard,nobody,"ip-10-0-1-70.us-west-2.compute.internal","apps/simple_xml_examples/data/ui/views/simple_table_formats","1970-01-01T00:00:00+00:00"
"simple_table_hidden_fields","Table Element with Hidden Fields","Basic table with hidden search fields for use in drilldown.","simple_xml_examples",app,views,dashboard,nobody,"ip-10-0-1-70.us-west-2.compute.internal","apps/simple_xml_examples/data/ui/views/simple_table_hidden_fields","2020-01-01T22:41:41+00:00"
"simple_table_sparklines","Table Element with Sparklines","Configure basic and advanced sparkline formatting options.","simple_xml_examples",app,views,dashboard,nobody,"ip-10-0-1-70.us-west-2.compute.internal","apps/simple_xml_examples/data/ui/views/simple_table_sparklines","2020-01-01T22:41:06+00:00"
"simple_trellis","Trellis Visualization Layout","Trellis layout enables visual segmentation for easy data comparisons.","simple_xml_examples",app,views,dashboard,nobody,"ip-10-0-1-70.us-west-2.compute.internal","apps/simple_xml_examples/data/ui/views/simple_trellis","2020-01-01T22:44:43+00:00"
"simple_viz_chart_bar","Bar Chart","Plot proportional data using a horizontal bar chart.","simple_xml_examples",app,views,form,nobody,"ip-10-0-1-70.us-west-2.compute.internal","apps/simple_xml_examples/data/ui/views/simple_viz_chart_bar","2020-01-01T22:40:39+00:00"
"simple_viz_chart_scatter","Scatter Chart","Scatter chart example.","simple_xml_examples",app,views,form,nobody,"ip-10-0-1-70.us-west-2.compute.internal","apps/simple_xml_examples/data/ui/views/simple_viz_chart_scatter","2020-01-01T22:46:16+00:00"
dashboard,dashboard,,"splunk-dashboard-app",app,views,view,nobody,"ip-10-0-1-70.us-west-2.compute.internal","apps/splunk-dashboard-app/data/ui/views/dashboard","1970-01-01T00:00:00+00:00"
dashboards,Dashboards,,"splunk-dashboard-app",app,views,view,nobody,"ip-10-0-1-70.us-west-2.compute.internal","apps/splunk-dashboard-app/data/ui/views/dashboards","1970-01-01T00:00:00+00:00"
"skipped_search_correlation","Skipped Search Correlation","correlation between skipped search and delegatejob rest endpoint delay","splunk-dashboard-app",app,views,dashboard,admin,"ip-10-0-1-70.us-west-2.compute.internal","apps/splunk-dashboard-app/data/ui/views/skipped_search_correlation","2020-01-20T05:46:07+00:00"
"splunk_scheduler_metrics_dashboard","Splunk Scheduler Metrics Dashboard","","splunk-dashboard-app",app,views,dashboard,admin,"ip-10-0-1-70.us-west-2.compute.internal","apps/splunk-dashboard-app/data/ui/views/splunk_scheduler_metrics_dashboard","2020-01-14T06:12:22+00:00"
"tab_apm_dashboard","Splunk Add-on Builder app performance monitoring dashboard","This dashboard shows the basic performance data for the Splunk Add-on Builder","splunk_app_addon-builder",global,views,form,nobody,"ip-10-0-1-70.us-west-2.compute.internal","apps/splunk_app_addon-builder/data/ui/views/tab_apm_dashboard","1970-01-01T00:00:00+00:00"
"tab_app_inspect_monitor","Splunk Add-on Builder app inspect monitoring dashboard","This dashboard shows the monitoring data of the app inspect rest service","splunk_app_addon-builder",global,views,form,nobody,"ip-10-0-1-70.us-west-2.compute.internal","apps/splunk_app_addon-builder/data/ui/views/tab_app_inspect_monitor","1970-01-01T00:00:00+00:00"
"hydra_framework_status","Hydra Framework Status","Status of job execution in the hydra distributed collection framework","splunk_app_infrastructure",app,views,form,nobody,"ip-10-0-1-70.us-west-2.compute.internal","apps/splunk_app_infrastructure/data/ui/views/hydra_framework_status","1970-01-01T00:00:00+00:00"
"hydra_scheduler_status","Hydra Scheduler Status","Status of hydra scheduling and management","splunk_app_infrastructure",app,views,form,nobody,"ip-10-0-1-70.us-west-2.compute.internal","apps/splunk_app_infrastructure/data/ui/views/hydra_scheduler_status","1970-01-01T00:00:00+00:00"
"app_analytics","App Analytics",,"splunk_app_stream",global,views,form,nobody,"ip-10-0-1-70.us-west-2.compute.internal","apps/splunk_app_stream/data/ui/views/app_analytics","1970-01-01T00:00:00+00:00"
"database_metrics","Database Activity",,"splunk_app_stream",global,views,form,nobody,"ip-10-0-1-70.us-west-2.compute.internal","apps/splunk_app_stream/data/ui/views/database_metrics","1970-01-01T00:00:00+00:00"
"dns_activity","DNS Activity",,"splunk_app_stream",global,views,form,nobody,"ip-10-0-1-70.us-west-2.compute.internal","apps/splunk_app_stream/data/ui/views/dns_activity","1970-01-01T00:00:00+00:00"
"dns_overview","DNS Overview",,"splunk_app_stream",global,views,form,nobody,"ip-10-0-1-70.us-west-2.compute.internal","apps/splunk_app_stream/data/ui/views/dns_overview","1970-01-01T00:00:00+00:00"
"http_activity","HTTP Activity",,"splunk_app_stream",global,views,form,nobody,"ip-10-0-1-70.us-west-2.compute.internal","apps/splunk_app_stream/data/ui/views/http_activity","1970-01-01T00:00:00+00:00"
"http_overview","HTTP Overview",,"splunk_app_stream",global,views,form,nobody,"ip-10-0-1-70.us-west-2.compute.internal","apps/splunk_app_stream/data/ui/views/http_overview","1970-01-01T00:00:00+00:00"
"interface_metrics","Network Metrics",,"splunk_app_stream",global,views,form,nobody,"ip-10-0-1-70.us-west-2.compute.internal","apps/splunk_app_stream/data/ui/views/interface_metrics","1970-01-01T00:00:00+00:00"
"processor_metrics","Stream Forwarder Metrics & Logs",,"splunk_app_stream",global,views,form,nobody,"ip-10-0-1-70.us-west-2.compute.internal","apps/splunk_app_stream/data/ui/views/processor_metrics","1970-01-01T00:00:00+00:00"
"ssl_activity","SSL Activity",,"splunk_app_stream",global,views,form,nobody,"ip-10-0-1-70.us-west-2.compute.internal","apps/splunk_app_stream/data/ui/views/ssl_activity","1970-01-01T00:00:00+00:00"
"stream_data_volume","Stream Data Volumes",,"splunk_app_stream",global,views,form,nobody,"ip-10-0-1-70.us-west-2.compute.internal","apps/splunk_app_stream/data/ui/views/stream_data_volume","1970-01-01T00:00:00+00:00"
"stream_estimate","Stream Estimate",,"splunk_app_stream",global,views,form,nobody,"ip-10-0-1-70.us-west-2.compute.internal","apps/splunk_app_stream/data/ui/views/stream_estimate","1970-01-01T00:00:00+00:00"
"streamfwd_status","Stream Forwarder Status",,"splunk_app_stream",global,views,form,nobody,"ip-10-0-1-70.us-west-2.compute.internal","apps/splunk_app_stream/data/ui/views/streamfwd_status","1970-01-01T00:00:00+00:00"
"bundle_replication","Knowledge Bundle Replication",,"splunk_global_monitoring_console",app,views,form,nobody,"ip-10-0-1-70.us-west-2.compute.internal","apps/splunk_global_monitoring_console/data/ui/views/bundle_replication","1970-01-01T00:00:00+00:00"
"cascading_replication","Cascading Replication",,"splunk_global_monitoring_console",app,views,form,nobody,"ip-10-0-1-70.us-west-2.compute.internal","apps/splunk_global_monitoring_console/data/ui/views/cascading_replication","1970-01-01T00:00:00+00:00"
"gmc_assets_dashboard_v1","GMC Assets Dashboard v1",,"splunk_global_monitoring_console",app,views,form,nobody,"ip-10-0-1-70.us-west-2.compute.internal","apps/splunk_global_monitoring_console/data/ui/views/gmc_assets_dashboard_v1","1970-01-01T00:00:00+00:00"
help,"Fields Help",,"splunk_global_monitoring_console",app,views,form,admin,"ip-10-0-1-70.us-west-2.compute.internal","apps/splunk_global_monitoring_console/data/ui/views/help","2020-01-31T17:13:39+00:00"
readme,Readme,"","splunk_global_monitoring_console",app,views,dashboard,admin,"ip-10-0-1-70.us-west-2.compute.internal","apps/splunk_global_monitoring_console/data/ui/views/readme","2020-01-31T17:14:20+00:00"
"search_taxonomy","Search Taxonomy",,"splunk_global_monitoring_console",app,views,form,admin,"ip-10-0-1-70.us-west-2.compute.internal","apps/splunk_global_monitoring_console/data/ui/views/search_taxonomy","2020-01-30T04:11:16+00:00"
"splunk_idx_01_data_quality_dashboard_v1","Splunk - IDX - 01 - Data Quality - Dashboard - v1",,"splunk_global_monitoring_console",app,views,form,nobody,"ip-10-0-1-70.us-west-2.compute.internal","apps/splunk_global_monitoring_console/data/ui/views/splunk_idx_01_data_quality_dashboard_v1","1970-01-01T00:00:00+00:00"
"splunk_idx_02_core_sizing_calculator_dashboard_v1","Splunk - IDX - 02 - Core Sizing Calculator - Dashboard - v1",,"splunk_global_monitoring_console",app,views,form,nobody,"ip-10-0-1-70.us-west-2.compute.internal","apps/splunk_global_monitoring_console/data/ui/views/splunk_idx_02_core_sizing_calculator_dashboard_v1","1970-01-01T00:00:00+00:00"
"splunk_idx_03_indexes_dashboard_v1","Splunk - IDX - 03 - Indexes - Dashboard - v1",,"splunk_global_monitoring_console",app,views,form,nobody,"ip-10-0-1-70.us-west-2.compute.internal","apps/splunk_global_monitoring_console/data/ui/views/splunk_idx_03_indexes_dashboard_v1","1970-01-01T00:00:00+00:00"
"splunk_idx_04_network_statistics_dashboard_v1","Splunk - IDX - 04 - Network Statistics - Dashboard - v1",,"splunk_global_monitoring_console",app,views,form,nobody,"ip-10-0-1-70.us-west-2.compute.internal","apps/splunk_global_monitoring_console/data/ui/views/splunk_idx_04_network_statistics_dashboard_v1","2020-01-25T02:27:13+00:00"
"splunk_idx_06_global_license_usage_dashboard_v1","Splunk - IDX - 06 - Global License Usage - Dashboard - v1",,"splunk_global_monitoring_console",app,views,dashboard,nobody,"ip-10-0-1-70.us-west-2.compute.internal","apps/splunk_global_monitoring_console/data/ui/views/splunk_idx_06_global_license_usage_dashboard_v1","1970-01-01T00:00:00+00:00"
"splunk_sh_01_analyze_scheduled_search_skips_dashboard_v1","Splunk - SH - 01 - Analyze Scheduled Search Skips - Dashboard - v1",,"splunk_global_monitoring_console",app,views,form,nobody,"ip-10-0-1-70.us-west-2.compute.internal","apps/splunk_global_monitoring_console/data/ui/views/splunk_sh_01_analyze_scheduled_search_skips_dashboard_v1","1970-01-01T00:00:00+00:00"
"splunk_sh_02_audit_search_activity_dashboard_v4","Splunk - SH - 02 - Audit Search Activity - Dashboard - v4",,"splunk_global_monitoring_console",app,views,form,nobody,"ip-10-0-1-70.us-west-2.compute.internal","apps/splunk_global_monitoring_console/data/ui/views/splunk_sh_02_audit_search_activity_dashboard_v4","2020-01-31T22:12:59+00:00"
"splunk_sh_03_knowledge_objects_analysis_dashboard_v3","Splunk - SH - 03 - Knowledge Objects Analysis - Dashboard - v3",,"splunk_global_monitoring_console",app,views,form,nobody,"ip-10-0-1-70.us-west-2.compute.internal","apps/splunk_global_monitoring_console/data/ui/views/splunk_sh_03_knowledge_objects_analysis_dashboard_v3","2020-01-30T16:31:55+00:00"
"splunk_sh_04_metrics_related_to_ingestion_blockage_dashboard_v1","Splunk - SH - 04 - Metrics Related To Ingestion Blockage - Dashboard - v1.3",,"splunk_global_monitoring_console",app,views,form,nobody,"ip-10-0-1-70.us-west-2.compute.internal","apps/splunk_global_monitoring_console/data/ui/views/splunk_sh_04_metrics_related_to_ingestion_blockage_dashboard_v1","1970-01-01T00:00:00+00:00"
"splunk_sh_05_analyze_searches_dashboard_v1","Splunk - SH - 05 - Dashboard Analysis - Dashboard - v1","Last updated: October 7, 2019","splunk_global_monitoring_console",app,views,form,nobody,"ip-10-0-1-70.us-west-2.compute.internal","apps/splunk_global_monitoring_console/data/ui/views/splunk_sh_05_analyze_searches_dashboard_v1","1970-01-01T00:00:00+00:00"
"splunk_sh_06_stack_health_data_onboarding_dashboard_v1","Splunk - SH - 06 - OnPrem Stack Health of Data Onboarding - Dashboard - v1.3",,"splunk_global_monitoring_console",app,views,dashboard,nobody,"ip-10-0-1-70.us-west-2.compute.internal","apps/splunk_global_monitoring_console/data/ui/views/splunk_sh_06_stack_health_data_onboarding_dashboard_v1","1970-01-01T00:00:00+00:00"
"splunk_sh_07_audit_users_dashboard_v2","Splunk - SH - 07 - Audit Users - Dashboard - v2","Integrated with Chase's ID NOW System.   When looking at Terminated Users under Worker Status, a Contractor may show as terminated but its possible that their contract is getting renewed so look at Contractor Expiration in that case","splunk_global_monitoring_console",app,views,form,nobody,"ip-10-0-1-70.us-west-2.compute.internal","apps/splunk_global_monitoring_console/data/ui/views/splunk_sh_07_audit_users_dashboard_v2","2020-01-29T04:00:22+00:00"
"splunk_sh_08_tsam_monthly_metrics_reporting_dashboard_v1","Splunk - SH - 08 - TSAM Monthly Metrics Reporting - Dashboard - v2",,"splunk_global_monitoring_console",app,views,form,nobody,"ip-10-0-1-70.us-west-2.compute.internal","apps/splunk_global_monitoring_console/data/ui/views/splunk_sh_08_tsam_monthly_metrics_reporting_dashboard_v1","1970-01-01T00:00:00+00:00"
"splunk_sh_09_skipped_and_deferred_search_analysis_dashboard_v1","Splunk - SH - 09 - Skipped  and Deferred Search Analysis - Dashboard - v1",,"splunk_global_monitoring_console",app,views,form,nobody,"ip-10-0-1-70.us-west-2.compute.internal","apps/splunk_global_monitoring_console/data/ui/views/splunk_sh_09_skipped_and_deferred_search_analysis_dashboard_v1","1970-01-01T00:00:00+00:00"
"splunk_sh_10_tsam_quarterly_system_review_dashboard_v1","Splunk - SH - 10 - TSAM Quarterly System Review - Dashboard - v0.12",,"splunk_global_monitoring_console",app,views,dashboard,nobody,"ip-10-0-1-70.us-west-2.compute.internal","apps/splunk_global_monitoring_console/data/ui/views/splunk_sh_10_tsam_quarterly_system_review_dashboard_v1","1970-01-01T00:00:00+00:00"
"splunk_sh_11_extended_search_reporting_dashboard_v1","Splunk - SH - 11 - Extended Search Reporting - Dashboard - v1.5.4",,"splunk_global_monitoring_console",app,views,form,nobody,"ip-10-0-1-70.us-west-2.compute.internal","apps/splunk_global_monitoring_console/data/ui/views/splunk_sh_11_extended_search_reporting_dashboard_v1","1970-01-01T00:00:00+00:00"
"splunk_sh_12_audit_api_search_activity_dashboard_v1","Splunk - SH - 12 - Audit API Search Activity - Dashboard - v1",,"splunk_global_monitoring_console",app,views,form,nobody,"ip-10-0-1-70.us-west-2.compute.internal","apps/splunk_global_monitoring_console/data/ui/views/splunk_sh_12_audit_api_search_activity_dashboard_v1","1970-01-01T00:00:00+00:00"
"splunk_sh_13_optimization_activities_dashboard_v1","Splunk - SH - 13 - Optimization Activities - Dashboard - v1",,"splunk_global_monitoring_console",app,views,dashboard,nobody,"ip-10-0-1-70.us-west-2.compute.internal","apps/splunk_global_monitoring_console/data/ui/views/splunk_sh_13_optimization_activities_dashboard_v1","1970-01-01T00:00:00+00:00"
"splunk_sh_14_scheduler_analysis_dashboard_v1","Splunk - SH - 14 - Scheduler Analysis - Dashboard - v1",,"splunk_global_monitoring_console",app,views,form,nobody,"ip-10-0-1-70.us-west-2.compute.internal","apps/splunk_global_monitoring_console/data/ui/views/splunk_sh_14_scheduler_analysis_dashboard_v1","1970-01-01T00:00:00+00:00"
"splunk_sh_15_end_user_experience_analysis_dashboard_v1","Splunk - SH - 15 - End User Experience Analysis - Dashboard - v1",,"splunk_global_monitoring_console",app,views,form,nobody,"ip-10-0-1-70.us-west-2.compute.internal","apps/splunk_global_monitoring_console/data/ui/views/splunk_sh_15_end_user_experience_analysis_dashboard_v1","1970-01-01T00:00:00+00:00"
"splunk_sh_16_audit_user_concurrency_dashboard_v1","Splunk - SH - 16 - Audit  User Concurrency - Dashboard - v1",,"splunk_global_monitoring_console",app,views,form,nobody,"ip-10-0-1-70.us-west-2.compute.internal","apps/splunk_global_monitoring_console/data/ui/views/splunk_sh_16_audit_user_concurrency_dashboard_v1","1970-01-01T00:00:00+00:00"
"splunk_sh_17_audit_pii_search_activity_dashboard_v1","Splunk - SH - 17 - Audit PII Search Activity - Dashboard - v1",,"splunk_global_monitoring_console",app,views,form,nobody,"ip-10-0-1-70.us-west-2.compute.internal","apps/splunk_global_monitoring_console/data/ui/views/splunk_sh_17_audit_pii_search_activity_dashboard_v1","1970-01-01T00:00:00+00:00"
"splunk_uf_01_forwarder_analysis_dashboard_v1","Splunk - UF - 01 - Forwarder Analysis - Dashboard - v1",,"splunk_global_monitoring_console",app,views,form,nobody,"ip-10-0-1-70.us-west-2.compute.internal","apps/splunk_global_monitoring_console/data/ui/views/splunk_uf_01_forwarder_analysis_dashboard_v1","1970-01-01T00:00:00+00:00"
"splunk_uf_02_forwarder_indexing_output_dashboard_v1","Splunk - UF - 02 - Forwarder Indexing Output - Dashboard - v1",,"splunk_global_monitoring_console",app,views,form,nobody,"ip-10-0-1-70.us-west-2.compute.internal","apps/splunk_global_monitoring_console/data/ui/views/splunk_uf_02_forwarder_indexing_output_dashboard_v1","1970-01-01T00:00:00+00:00"
test,test,,"splunk_global_monitoring_console",app,views,dashboard,admin,"ip-10-0-1-70.us-west-2.compute.internal","apps/splunk_global_monitoring_console/data/ui/views/test","2020-01-29T04:13:11+00:00"
test1,"Tooltip Example with Bootstrap",,"splunk_global_monitoring_console",app,views,form,admin,"ip-10-0-1-70.us-west-2.compute.internal","apps/splunk_global_monitoring_console/data/ui/views/test1","2020-01-25T20:09:43+00:00"
