"Splunk_Role","splunk_server",app,sharing,stanza,name,value,title,attribute,author,updated
"PROD-SH","IP-10-0-1-70.US-WEST-2.COMPUTE.INTERNAL","Splunk_SA_CIM",global,audittrail,action,"case(match(_raw,""action\=login\sattempt"") AND match(_raw,""info\=succeeded""),""success"",match(_raw,""action\=login\sattempt"") AND match(_raw,""info\=failed""),""failure"",match(_raw,""action\=add""),""created"",match(_raw,""action\=delete""),""deleted"",match(_raw,""action\=update""),""modified"",1=1,action)","audittrail : EVAL-action","EVAL-action",SYSTEM,
"PROD-SH","IP-10-0-1-70.US-WEST-2.COMPUTE.INTERNAL","Splunk_SA_CIM",global,audittrail,app,"if(match(_raw,""action\=login\sattempt""),""splunk"",app)","audittrail : EVAL-app","EVAL-app",SYSTEM,
"PROD-SH","IP-10-0-1-70.US-WEST-2.COMPUTE.INTERNAL","Splunk_SA_CIM",global,audittrail,"file_modify_time","strptime(modtime, ""%a %b %d %H:%M:%S %Y"")","audittrail : EVAL-file_modify_time","EVAL-file_modify_time",SYSTEM,
"PROD-SH","IP-10-0-1-70.US-WEST-2.COMPUTE.INTERNAL","Splunk_SA_CIM",global,audittrail,user,"if(isnull(user) OR user=""n/a"" OR user="""",user_id,user)","audittrail : EVAL-user","EVAL-user",SYSTEM,
"PROD-SH","IP-10-0-1-70.US-WEST-2.COMPUTE.INTERNAL","Splunk_SA_CIM",global,audittrail,"vendor_status","if(isdir==0 OR isdir==1, ""success"", vendor_status)","audittrail : EVAL-vendor_status","EVAL-vendor_status",SYSTEM,
"PROD-SH","IP-10-0-1-70.US-WEST-2.COMPUTE.INTERNAL","Splunk_TA_linux",global,"linux:audit",command,"if(match(cmd,""^[0-9A-F]+$""),urldecode(replace(cmd,""([0-9A-F]{2})"",""%\1"")),cmd)","linux:audit : EVAL-command","EVAL-command",SYSTEM,
"PROD-SH","IP-10-0-1-70.US-WEST-2.COMPUTE.INTERNAL","Splunk_TA_linux",global,"linux:collectd:graphite","bytes_in","if(plugin==""interface"" and isnotnull(if_octets_rx), if(isnum(if_octets_rx), if_octets_rx, 0), fillnull)","linux:collectd:graphite : EVAL-bytes_in","EVAL-bytes_in",SYSTEM,
"PROD-SH","IP-10-0-1-70.US-WEST-2.COMPUTE.INTERNAL","Splunk_TA_linux",global,"linux:collectd:graphite","bytes_out","if(plugin==""interface"" and isnotnull(if_octets_tx), if(isnum(if_octets_tx), if_octets_tx, 0), fillnull)","linux:collectd:graphite : EVAL-bytes_out","EVAL-bytes_out",SYSTEM,
"PROD-SH","IP-10-0-1-70.US-WEST-2.COMPUTE.INTERNAL","Splunk_TA_linux",global,"linux:collectd:graphite",dsname,"mvindex(split(metric, "".""),1)","linux:collectd:graphite : EVAL-dsname","EVAL-dsname",SYSTEM,
"PROD-SH","IP-10-0-1-70.US-WEST-2.COMPUTE.INTERNAL","Splunk_TA_linux",global,"linux:collectd:graphite",interface,"if(plugin==""interface"" and isnotnull(plugin_instance), plugin_instance, fillnull)","linux:collectd:graphite : EVAL-interface","EVAL-interface",SYSTEM,
"PROD-SH","IP-10-0-1-70.US-WEST-2.COMPUTE.INTERNAL","Splunk_TA_linux",global,"linux:collectd:graphite","mem_free","if(isnotnull(memory_free_value), memory_free_value/1024/1024, fillnull)","linux:collectd:graphite : EVAL-mem_free","EVAL-mem_free",SYSTEM,
"PROD-SH","IP-10-0-1-70.US-WEST-2.COMPUTE.INTERNAL","Splunk_TA_linux",global,"linux:collectd:graphite","mem_used","if(isnotnull(memory_used_value), memory_used_value/1024/1024, fillnull)","linux:collectd:graphite : EVAL-mem_used","EVAL-mem_used",SYSTEM,
"PROD-SH","IP-10-0-1-70.US-WEST-2.COMPUTE.INTERNAL","Splunk_TA_linux",global,"linux:collectd:graphite",mount,"if(plugin==""df"" and isnotnull(plugin_instance), plugin_instance, fillnull)","linux:collectd:graphite : EVAL-mount","EVAL-mount",SYSTEM,
"PROD-SH","IP-10-0-1-70.US-WEST-2.COMPUTE.INTERNAL","Splunk_TA_linux",global,"linux:collectd:graphite","storage_free","if(isnotnull(df_complex_free_value), df_complex_free_value/1024/1024, fillnull)","linux:collectd:graphite : EVAL-storage_free","EVAL-storage_free",SYSTEM,
"PROD-SH","IP-10-0-1-70.US-WEST-2.COMPUTE.INTERNAL","Splunk_TA_linux",global,"linux:collectd:graphite","storage_used","if(isnotnull(df_complex_used_value), df_complex_used_value/1024/1024, fillnull)","linux:collectd:graphite : EVAL-storage_used","EVAL-storage_used",SYSTEM,
"PROD-SH","IP-10-0-1-70.US-WEST-2.COMPUTE.INTERNAL","Splunk_TA_linux",global,"linux:collectd:graphite","swap_free","if(isnotnull(swap_free_value), swap_free_value/1024/1024, fillnull)","linux:collectd:graphite : EVAL-swap_free","EVAL-swap_free",SYSTEM,
"PROD-SH","IP-10-0-1-70.US-WEST-2.COMPUTE.INTERNAL","Splunk_TA_linux",global,"linux:collectd:graphite","swap_percent","if(plugin==""swap"" and isnotnull(percent_used_value), percent_used_value, fillnull)","linux:collectd:graphite : EVAL-swap_percent","EVAL-swap_percent",SYSTEM,
"PROD-SH","IP-10-0-1-70.US-WEST-2.COMPUTE.INTERNAL","Splunk_TA_linux",global,"linux:collectd:graphite","swap_used","if(isnotnull(swap_used_value), swap_used_value/1024/1024, fillnull)","linux:collectd:graphite : EVAL-swap_used","EVAL-swap_used",SYSTEM,
"PROD-SH","IP-10-0-1-70.US-WEST-2.COMPUTE.INTERNAL","Splunk_TA_linux",global,"linux:collectd:http:json",bytes,"if(plugin==""interface"" and isnotnull(if_octets_rx) and isnotnull(if_octets_tx), if(isnum(if_octets_rx), if_octets_rx, 0) + if(isnum(if_octets_tx), if_octets_tx, 0), fillnull)","linux:collectd:http:json : EVAL-bytes","EVAL-bytes",SYSTEM,
"PROD-SH","IP-10-0-1-70.US-WEST-2.COMPUTE.INTERNAL","Splunk_TA_linux",global,"linux:collectd:http:json","bytes_in","if(plugin==""interface"" and isnotnull(if_octets_rx), if(isnum(if_octets_rx), if_octets_rx, 0), fillnull)","linux:collectd:http:json : EVAL-bytes_in","EVAL-bytes_in",SYSTEM,
"PROD-SH","IP-10-0-1-70.US-WEST-2.COMPUTE.INTERNAL","Splunk_TA_linux",global,"linux:collectd:http:json","bytes_out","if(plugin==""interface"" and isnotnull(if_octets_tx), if(isnum(if_octets_tx), if_octets_tx, 0), fillnull)","linux:collectd:http:json : EVAL-bytes_out","EVAL-bytes_out",SYSTEM,
"PROD-SH","IP-10-0-1-70.US-WEST-2.COMPUTE.INTERNAL","Splunk_TA_linux",global,"linux:collectd:http:json",interface,"if(plugin==""interface"" and isnotnull(plugin_instance), plugin_instance, fillnull)","linux:collectd:http:json : EVAL-interface","EVAL-interface",SYSTEM,
"PROD-SH","IP-10-0-1-70.US-WEST-2.COMPUTE.INTERNAL","Splunk_TA_linux",global,"linux:collectd:http:json","mem_free","if(isnotnull(memory_free_value), memory_free_value/1024/1024, fillnull)","linux:collectd:http:json : EVAL-mem_free","EVAL-mem_free",SYSTEM,
"PROD-SH","IP-10-0-1-70.US-WEST-2.COMPUTE.INTERNAL","Splunk_TA_linux",global,"linux:collectd:http:json","mem_used","if(isnotnull(memory_used_value), memory_used_value/1024/1024, fillnull)","linux:collectd:http:json : EVAL-mem_used","EVAL-mem_used",SYSTEM,
"PROD-SH","IP-10-0-1-70.US-WEST-2.COMPUTE.INTERNAL","Splunk_TA_linux",global,"linux:collectd:http:json",mount,"if(plugin==""df"" and isnotnull(plugin_instance), plugin_instance, fillnull)","linux:collectd:http:json : EVAL-mount","EVAL-mount",SYSTEM,
"PROD-SH","IP-10-0-1-70.US-WEST-2.COMPUTE.INTERNAL","Splunk_TA_linux",global,"linux:collectd:http:json",packets,"packets_in + packets_out","linux:collectd:http:json : EVAL-packets","EVAL-packets",SYSTEM,
"PROD-SH","IP-10-0-1-70.US-WEST-2.COMPUTE.INTERNAL","Splunk_TA_linux",global,"linux:collectd:http:json","storage_free","if(isnotnull(df_complex_free_value), df_complex_free_value/1024/1024, fillnull)","linux:collectd:http:json : EVAL-storage_free","EVAL-storage_free",SYSTEM,
"PROD-SH","IP-10-0-1-70.US-WEST-2.COMPUTE.INTERNAL","Splunk_TA_linux",global,"linux:collectd:http:json","storage_free_percent","percent_bytes_free_value","linux:collectd:http:json : EVAL-storage_free_percent","EVAL-storage_free_percent",SYSTEM,
"PROD-SH","IP-10-0-1-70.US-WEST-2.COMPUTE.INTERNAL","Splunk_TA_linux",global,"linux:collectd:http:json","storage_used","if(isnotnull(df_complex_used_value), df_complex_used_value/1024/1024, fillnull)","linux:collectd:http:json : EVAL-storage_used","EVAL-storage_used",SYSTEM,
"PROD-SH","IP-10-0-1-70.US-WEST-2.COMPUTE.INTERNAL","Splunk_TA_linux",global,"linux:collectd:http:json","storage_used_percent","percent_bytes_used_value","linux:collectd:http:json : EVAL-storage_used_percent","EVAL-storage_used_percent",SYSTEM,
"PROD-SH","IP-10-0-1-70.US-WEST-2.COMPUTE.INTERNAL","Splunk_TA_linux",global,"linux:collectd:http:json","swap_free","if(isnotnull(swap_free_value), swap_free_value/1024/1024, fillnull)","linux:collectd:http:json : EVAL-swap_free","EVAL-swap_free",SYSTEM,
"PROD-SH","IP-10-0-1-70.US-WEST-2.COMPUTE.INTERNAL","Splunk_TA_linux",global,"linux:collectd:http:json","swap_percent","if(plugin==""swap"" and isnotnull(percent_used_value), percent_used_value, fillnull)","linux:collectd:http:json : EVAL-swap_percent","EVAL-swap_percent",SYSTEM,
"PROD-SH","IP-10-0-1-70.US-WEST-2.COMPUTE.INTERNAL","Splunk_TA_linux",global,"linux:collectd:http:json","swap_used","if(isnotnull(swap_used_value), swap_used_value/1024/1024, fillnull)","linux:collectd:http:json : EVAL-swap_used","EVAL-swap_used",SYSTEM,
"PROD-SH","IP-10-0-1-70.US-WEST-2.COMPUTE.INTERNAL","Splunk_TA_linux",global,"linux:collectd:http:json","total_ops","disk_ops_read + disk_ops_write","linux:collectd:http:json : EVAL-total_ops","EVAL-total_ops",SYSTEM,
"PROD-SH","IP-10-0-1-70.US-WEST-2.COMPUTE.INTERNAL","Splunk_TA_nix",global,"Linux:SELinuxConfig",note,"""SELinux is a Linux feature that provides a variety of security policies, including U.S. Department of Defense style mandatory access controls, through the use of Linux Security Modules""","Linux:SELinuxConfig : EVAL-note","EVAL-note",SYSTEM,
"PROD-SH","IP-10-0-1-70.US-WEST-2.COMPUTE.INTERNAL","Splunk_TA_nix",global,"aix_secure",action,"if(app=""su"" AND isnull(action),""success"",action)","aix_secure : EVAL-action","EVAL-action",SYSTEM,
"PROD-SH","IP-10-0-1-70.US-WEST-2.COMPUTE.INTERNAL","Splunk_TA_nix",global,bandwidth,bytes,"(rxKB_PS+txKB_PS)*1024","bandwidth : EVAL-bytes","EVAL-bytes",SYSTEM,
"PROD-SH","IP-10-0-1-70.US-WEST-2.COMPUTE.INTERNAL","Splunk_TA_nix",global,bandwidth,"bytes_in","rxKB_PS*1024","bandwidth : EVAL-bytes_in","EVAL-bytes_in",SYSTEM,
"PROD-SH","IP-10-0-1-70.US-WEST-2.COMPUTE.INTERNAL","Splunk_TA_nix",global,bandwidth,"bytes_out","txKB_PS*1024","bandwidth : EVAL-bytes_out","EVAL-bytes_out",SYSTEM,
"PROD-SH","IP-10-0-1-70.US-WEST-2.COMPUTE.INTERNAL","Splunk_TA_nix",global,bandwidth,packets,"rxPackets_PS+txPackets_PS","bandwidth : EVAL-packets","EVAL-packets",SYSTEM,
"PROD-SH","IP-10-0-1-70.US-WEST-2.COMPUTE.INTERNAL","Splunk_TA_nix",global,cpu,"cpu_load_percent","100-pctIdle","cpu : EVAL-cpu_load_percent","EVAL-cpu_load_percent",SYSTEM,
"PROD-SH","IP-10-0-1-70.US-WEST-2.COMPUTE.INTERNAL","Splunk_TA_nix",global,cpu,"cpu_user_percent",pctUser,"cpu : EVAL-cpu_user_percent","EVAL-cpu_user_percent",SYSTEM,
"PROD-SH","IP-10-0-1-70.US-WEST-2.COMPUTE.INTERNAL","Splunk_TA_nix",global,df,FreeMBytes,"case(match(Avail, ""P[i]*$""), tonumber(rtrim(Avail, ""Pi""),10)*pow(1024,3), match(Avail, ""T[i]*$""), tonumber(rtrim(Avail,""Ti""),10)*pow(1024,2), match(Avail, ""G[i]*$""), tonumber(rtrim(Avail,""Gi""),10)*pow(1024,1), match(Avail, ""M[i]*$""), tonumber(rtrim(Avail,""Mi""), 10), match(Avail, ""K[i]*$""), tonumber(rtrim(Avail,""Ki""), 10)/1024, match(Avail, ""B[i]*$""), tonumber(rtrim(Avail,""Bi""), 10)/pow(1024,2), 1==1, ""unknown"")","df : EVAL-FreeMBytes","EVAL-FreeMBytes",SYSTEM,
"PROD-SH","IP-10-0-1-70.US-WEST-2.COMPUTE.INTERNAL","Splunk_TA_nix",global,df,PercentFreeSpace,"100.0-tonumber(rtrim(UsePct,""%%""),10)","df : EVAL-PercentFreeSpace","EVAL-PercentFreeSpace",SYSTEM,
"PROD-SH","IP-10-0-1-70.US-WEST-2.COMPUTE.INTERNAL","Splunk_TA_nix",global,df,PercentUsedSpace,"tonumber(rtrim(UsePct,""%%""),10)","df : EVAL-PercentUsedSpace","EVAL-PercentUsedSpace",SYSTEM,
"PROD-SH","IP-10-0-1-70.US-WEST-2.COMPUTE.INTERNAL","Splunk_TA_nix",global,df,TotalMBytes,"case(match(Size, ""P[i]*$""), tonumber(rtrim(Size, ""Pi""),10)*pow(1024,3), match(Size, ""T[i]*$""), tonumber(rtrim(Size, ""Ti""),10)*pow(1024,2), match(Size, ""G[i]*$""), tonumber(rtrim(Size,""Gi""),10)*pow(1024,1), match(Size, ""M[i]*$""), tonumber(rtrim(Size,""Mi""), 10), match(Size, ""K[i]*$""), tonumber(rtrim(Size,""Ki""), 10)/1024, match(Size, ""B[i]*$""), tonumber(rtrim(Size,""Bi""), 10)/pow(1024,2), 1==1, ""unknown"")","df : EVAL-TotalMBytes","EVAL-TotalMBytes",SYSTEM,
"PROD-SH","IP-10-0-1-70.US-WEST-2.COMPUTE.INTERNAL","Splunk_TA_nix",global,df,UsedMBytes,"case(match(Used, ""P[i]*$""), tonumber(rtrim(Used, ""Pi""),10)*pow(1024,3), match(Used, ""T[i]*$""), tonumber(rtrim(Used,""Ti""),10)*pow(1024,2), match(Used, ""G[i]*$""), tonumber(rtrim(Used,""Gi""),10)*pow(1024,1), match(Used, ""M[i]*$""), tonumber(rtrim(Used,""Mi""), 10), match(Used, ""K[i]*$""), tonumber(rtrim(Used,""Ki""), 10)/1024, match(Used, ""B[i]*$""), tonumber(rtrim(Used,""Bi""), 10)/pow(1024,2), 1==1, ""unknown"")","df : EVAL-UsedMBytes","EVAL-UsedMBytes",SYSTEM,
"PROD-SH","IP-10-0-1-70.US-WEST-2.COMPUTE.INTERNAL","Splunk_TA_nix",global,df,storage,"case(match(Size, ""P[i]*$""), tonumber(rtrim(Size, ""Pi""),10)*pow(1024,3), match(Size, ""T[i]*$""), tonumber(rtrim(Size, ""Ti""),10)*pow(1024,2), match(Size, ""G[i]*$""), tonumber(rtrim(Size,""Gi""),10)*pow(1024,1), match(Size, ""M[i]*$""), tonumber(rtrim(Size,""Mi""), 10), match(Size, ""K[i]*$""), tonumber(rtrim(Size,""Ki""), 10)/1024, match(Size, ""B[i]*$""), tonumber(rtrim(Size,""Bi""), 10)/pow(1024,2), 1==1, ""unknown"")","df : EVAL-storage","EVAL-storage",SYSTEM,
"PROD-SH","IP-10-0-1-70.US-WEST-2.COMPUTE.INTERNAL","Splunk_TA_nix",global,df,"storage_free","case(match(Avail, ""P[i]*$""), tonumber(rtrim(Avail, ""Pi""),10)*pow(1024,3), match(Avail, ""T[i]*$""), tonumber(rtrim(Avail,""Ti""),10)*pow(1024,2), match(Avail, ""G[i]*$""), tonumber(rtrim(Avail,""Gi""),10)*pow(1024,1), match(Avail, ""M[i]*$""), tonumber(rtrim(Avail,""Mi""), 10), match(Avail, ""K[i]*$""), tonumber(rtrim(Avail,""Ki""), 10)/1024, match(Avail, ""B[i]*$""), tonumber(rtrim(Avail,""Bi""), 10)/pow(1024,2), 1==1, ""unknown"")","df : EVAL-storage_free","EVAL-storage_free",SYSTEM,
"PROD-SH","IP-10-0-1-70.US-WEST-2.COMPUTE.INTERNAL","Splunk_TA_nix",global,df,"storage_free_percent","100.0-tonumber(rtrim(UsePct,""%%""),10)","df : EVAL-storage_free_percent","EVAL-storage_free_percent",SYSTEM,
"PROD-SH","IP-10-0-1-70.US-WEST-2.COMPUTE.INTERNAL","Splunk_TA_nix",global,df,"storage_used","case(match(Used, ""P[i]*$""), tonumber(rtrim(Used, ""Pi""),10)*pow(1024,3), match(Used, ""T[i]*$""), tonumber(rtrim(Used,""Ti""),10)*pow(1024,2), match(Used, ""G[i]*$""), tonumber(rtrim(Used,""Gi""),10)*pow(1024,1), match(Used, ""M[i]*$""), tonumber(rtrim(Used,""Mi""), 10), match(Used, ""K[i]*$""), tonumber(rtrim(Used,""Ki""), 10)/1024, match(Used, ""B[i]*$""), tonumber(rtrim(Used,""Bi""), 10)/pow(1024,2), 1==1, ""unknown"")","df : EVAL-storage_used","EVAL-storage_used",SYSTEM,
"PROD-SH","IP-10-0-1-70.US-WEST-2.COMPUTE.INTERNAL","Splunk_TA_nix",global,df,"storage_used_percent","tonumber(rtrim(UsePct,""%%""),10)","df : EVAL-storage_used_percent","EVAL-storage_used_percent",SYSTEM,
"PROD-SH","IP-10-0-1-70.US-WEST-2.COMPUTE.INTERNAL","Splunk_TA_nix",global,"fs_notification","file_modify_time","strptime(modtime, ""%a %b %d %H:%M:%S %Y"")","fs_notification : EVAL-file_modify_time","EVAL-file_modify_time",SYSTEM,
"PROD-SH","IP-10-0-1-70.US-WEST-2.COMPUTE.INTERNAL","Splunk_TA_nix",global,hardware,RealMemoryMB,"case(match(Unit, ""kB""), RealMemory*pow(1024,-1), match(Unit, ""KB""), RealMemory*pow(1024,-1), match(Unit, ""mB""), RealMemory, match(Unit, ""MB""), RealMemory, match(Unit, ""gB""), RealMemory*pow(1024,1), match(Unit, ""GB""), RealMemory*pow(1024,1), match(Unit, ""tB""), RealMemory*pow(1024,2), match(Unit, ""TB""), RealMemory*pow(1024,2), match(Unit, ""pB""), RealMemory*pow(1024,3), match(Unit, ""PB""), RealMemory*pow(1024,3), 1==1, ""unknown"")","hardware : EVAL-RealMemoryMB","EVAL-RealMemoryMB",SYSTEM,
"PROD-SH","IP-10-0-1-70.US-WEST-2.COMPUTE.INTERNAL","Splunk_TA_nix",global,hardware,SwapMemoryMB,"case(match(Unit, ""kB""), SwapMemory*pow(1024,-1), match(Unit, ""KB""), SwapMemory*pow(1024,-1), match(Unit, ""mB""), SwapMemory, match(Unit, ""MB""), SwapMemory, match(Unit, ""gB""), SwapMemory*pow(1024,1), match(Unit, ""GB""), SwapMemory*pow(1024,1), match(Unit, ""tB""), SwapMemory*pow(1024,2), match(Unit, ""TB""), SwapMemory*pow(1024,2), match(Unit, ""pB""), SwapMemory*pow(1024,3), match(Unit, ""PB""), SwapMemory*pow(1024,3), 1==1, ""unknown"")","hardware : EVAL-SwapMemoryMB","EVAL-SwapMemoryMB",SYSTEM,
"PROD-SH","IP-10-0-1-70.US-WEST-2.COMPUTE.INTERNAL","Splunk_TA_nix",global,hardware,mem,"case(match(Unit, ""kB""), RealMemory*pow(1024,-1), match(Unit, ""KB""), RealMemory*pow(1024,-1), match(Unit, ""mB""), RealMemory, match(Unit, ""MB""), RealMemory, match(Unit, ""gB""), RealMemory*pow(1024,1), match(Unit, ""GB""), RealMemory*pow(1024,1), match(Unit, ""tB""), RealMemory*pow(1024,2), match(Unit, ""TB""), RealMemory*pow(1024,2), match(Unit, ""pB""), RealMemory*pow(1024,3), match(Unit, ""PB""), RealMemory*pow(1024,3), 1==1, ""unknown"")","hardware : EVAL-mem","EVAL-mem",SYSTEM,
"PROD-SH","IP-10-0-1-70.US-WEST-2.COMPUTE.INTERNAL","Splunk_TA_nix",global,iostat,"total_ops","case(rReq_PS == ""?"", ""?"", wReq_PS == ""?"", ""?"", 1=1, rReq_PS + wReq_PS)","iostat : EVAL-total_ops","EVAL-total_ops",SYSTEM,
"PROD-SH","IP-10-0-1-70.US-WEST-2.COMPUTE.INTERNAL","Splunk_TA_nix",global,"linux_secure",action,"if(app=""su"" AND isnull(action),""success"",action)","linux_secure : EVAL-action","EVAL-action",SYSTEM,
"PROD-SH","IP-10-0-1-70.US-WEST-2.COMPUTE.INTERNAL","Splunk_TA_nix",global,"linux_secure",signature,"if(isnotnull(inbound_interface),""firewall"",null())","linux_secure : EVAL-signature","EVAL-signature",SYSTEM,
"PROD-SH","IP-10-0-1-70.US-WEST-2.COMPUTE.INTERNAL","Splunk_TA_nix",global,nfsiostat,"total_ops","read_ops + write_ops","nfsiostat : EVAL-total_ops","EVAL-total_ops",SYSTEM,
"PROD-SH","IP-10-0-1-70.US-WEST-2.COMPUTE.INTERNAL","Splunk_TA_nix",global,"osx_secure",action,"if(app=""su"" AND isnull(action),""success"",action)","osx_secure : EVAL-action","EVAL-action",SYSTEM,
"PROD-SH","IP-10-0-1-70.US-WEST-2.COMPUTE.INTERNAL","Splunk_TA_nix",global,"osx_secure",signature,"if(isnotnull(inbound_interface),""firewall"",null())","osx_secure : EVAL-signature","EVAL-signature",SYSTEM,
"PROD-SH","IP-10-0-1-70.US-WEST-2.COMPUTE.INTERNAL","Splunk_TA_nix",global,ps,UsedBytes,"RSZ_KB*1024","ps : EVAL-UsedBytes","EVAL-UsedBytes",SYSTEM,
"PROD-SH","IP-10-0-1-70.US-WEST-2.COMPUTE.INTERNAL","Splunk_TA_nix",global,ps,app,"if(ARGS!=""<noArgs>"", COMMAND."" "".ARGS,COMMAND)","ps : EVAL-app","EVAL-app",SYSTEM,
"PROD-SH","IP-10-0-1-70.US-WEST-2.COMPUTE.INTERNAL","Splunk_TA_nix",global,ps,"cpu_time","replace(CPUTIME, ""^00:[0]{0,1}"", """")","ps : EVAL-cpu_time","EVAL-cpu_time",SYSTEM,
"PROD-SH","IP-10-0-1-70.US-WEST-2.COMPUTE.INTERNAL","Splunk_TA_nix",global,ps,"mem_used","RSZ_KB*1024","ps : EVAL-mem_used","EVAL-mem_used",SYSTEM,
"PROD-SH","IP-10-0-1-70.US-WEST-2.COMPUTE.INTERNAL","Splunk_TA_nix",global,ps,process,"if(ARGS!=""<noArgs>"", COMMAND."" "".ARGS,COMMAND)","ps : EVAL-process","EVAL-process",SYSTEM,
"PROD-SH","IP-10-0-1-70.US-WEST-2.COMPUTE.INTERNAL","Splunk_TA_nix",global,ps,"process_mem_used","RSZ_KB*1024","ps : EVAL-process_mem_used","EVAL-process_mem_used",SYSTEM,
"PROD-SH","IP-10-0-1-70.US-WEST-2.COMPUTE.INTERNAL","Splunk_TA_nix",global,ps,"process_name","replace(COMMAND, ""[\[\]()]"", """")","ps : EVAL-process_name","EVAL-process_name",SYSTEM,
"PROD-SH","IP-10-0-1-70.US-WEST-2.COMPUTE.INTERNAL","Splunk_TA_nix",global,ps,time,"replace(CPUTIME, ""^00:[0]{0,1}"", """")","ps : EVAL-time","EVAL-time",SYSTEM,
"PROD-SH","IP-10-0-1-70.US-WEST-2.COMPUTE.INTERNAL","Splunk_TA_nix",global,"source::*:SSHDConfig",note,"if(match(sshd_protocol,""1""),""SSH-1 has inherent design flaws which make it vulnerable (e.g., man-in-the-middle attacks)"",null())","source::*:SSHDConfig : EVAL-note","EVAL-note",SYSTEM,
"PROD-SH","IP-10-0-1-70.US-WEST-2.COMPUTE.INTERNAL","Splunk_TA_nix",global,"source::*:VSFTPDConfig",note,"""FTP uses clear text to pass authentication credentials.  Consider using SSH instead.""","source::*:VSFTPDConfig : EVAL-note","EVAL-note",SYSTEM,
"PROD-SH","IP-10-0-1-70.US-WEST-2.COMPUTE.INTERNAL","Splunk_TA_nix",global,"source::...(AIX|FreeBSD|HPUX|Linux|OSX|Solaris):FreeDiskSpace",storage,"if(isnotnull(TotalMBytes),TotalMBytes,null())","source::...(AIX|FreeBSD|HPUX|Linux|OSX|Solaris):FreeDiskSpace : EVAL-storage","EVAL-storage",SYSTEM,
"PROD-SH","IP-10-0-1-70.US-WEST-2.COMPUTE.INTERNAL","Splunk_TA_nix",global,"source::...(AIX|FreeBSD|HPUX|Linux|OSX|Solaris):FreeDiskSpace","storage_free","if(isnotnull(FreeMegabytes),FreeMegabytes,null())","source::...(AIX|FreeBSD|HPUX|Linux|OSX|Solaris):FreeDiskSpace : EVAL-storage_free","EVAL-storage_free",SYSTEM,
"PROD-SH","IP-10-0-1-70.US-WEST-2.COMPUTE.INTERNAL","Splunk_TA_nix",global,"source::...(AIX|FreeBSD|HPUX|Linux|OSX|Solaris):FreeDiskSpace","storage_free_percent","if(isnotnull(FreeMegabytes) AND isnotnull(TotalMBytes),(FreeMegabytes*100)/TotalMBytes,null())","source::...(AIX|FreeBSD|HPUX|Linux|OSX|Solaris):FreeDiskSpace : EVAL-storage_free_percent","EVAL-storage_free_percent",SYSTEM,
"PROD-SH","IP-10-0-1-70.US-WEST-2.COMPUTE.INTERNAL","Splunk_TA_nix",global,"source::...(AIX|FreeBSD|HPUX|Linux|OSX|Solaris):FreeDiskSpace","storage_used","if(isnotnull(UsedMegabytes),UsedMegabytes,null())","source::...(AIX|FreeBSD|HPUX|Linux|OSX|Solaris):FreeDiskSpace : EVAL-storage_used","EVAL-storage_used",SYSTEM,
"PROD-SH","IP-10-0-1-70.US-WEST-2.COMPUTE.INTERNAL","Splunk_TA_nix",global,"source::...(AIX|FreeBSD|HPUX|Linux|OSX|Solaris):FreeDiskSpace","storage_used_percent","if(isnotnull(UsedMegabytes) AND isnotnull(TotalMBytes),(UsedMegabytes*100)/TotalMBytes,null())","source::...(AIX|FreeBSD|HPUX|Linux|OSX|Solaris):FreeDiskSpace : EVAL-storage_used_percent","EVAL-storage_used_percent",SYSTEM,
"PROD-SH","IP-10-0-1-70.US-WEST-2.COMPUTE.INTERNAL","Splunk_TA_nix",global,"source::...(AIX|FreeBSD|HPUX|Linux|OSX|Solaris):Memory",mem,"if(isnotnull(TotalMBytes),TotalMBytes,null())","source::...(AIX|FreeBSD|HPUX|Linux|OSX|Solaris):Memory : EVAL-mem","EVAL-mem",SYSTEM,
"PROD-SH","IP-10-0-1-70.US-WEST-2.COMPUTE.INTERNAL","Splunk_TA_nix",global,"source::...(AIX|FreeBSD|HPUX|Linux|OSX|Solaris):Memory","mem_free","if(isnotnull(AvailableMBytes),AvailableMBytes,null())","source::...(AIX|FreeBSD|HPUX|Linux|OSX|Solaris):Memory : EVAL-mem_free","EVAL-mem_free",SYSTEM,
"PROD-SH","IP-10-0-1-70.US-WEST-2.COMPUTE.INTERNAL","Splunk_TA_nix",global,"source::...(AIX|FreeBSD|HPUX|Linux|OSX|Solaris):Memory","mem_used","if(isnotnull(UsedBytes),(UsedBytes/1048576),null())","source::...(AIX|FreeBSD|HPUX|Linux|OSX|Solaris):Memory : EVAL-mem_used","EVAL-mem_used",SYSTEM,
"PROD-SH","IP-10-0-1-70.US-WEST-2.COMPUTE.INTERNAL","Splunk_TA_nix",global,"source::...(AIX|FreeBSD|HPUX|Linux|OSX|Solaris|Unix):Service",service,"coalesce(UNIT, app)","source::...(AIX|FreeBSD|HPUX|Linux|OSX|Solaris|Unix):Service : EVAL-service","EVAL-service",SYSTEM,
"PROD-SH","IP-10-0-1-70.US-WEST-2.COMPUTE.INTERNAL","Splunk_TA_nix",global,"source::...(AIX|FreeBSD|HPUX|Linux|OSX|Solaris|Unix):Version",os,"if(isnotnull(os_name) AND isnotnull(os_release),os_name."" "".os_release,null())","source::...(AIX|FreeBSD|HPUX|Linux|OSX|Solaris|Unix):Version : EVAL-os","EVAL-os",SYSTEM,
"PROD-SH","IP-10-0-1-70.US-WEST-2.COMPUTE.INTERNAL","Splunk_TA_nix",global,"source::...(AIX|FreeBSD|HPUX|Linux|OSX|Solaris|Unix):Version","vendor_product","if(isnotnull(os_name),os_name,null())","source::...(AIX|FreeBSD|HPUX|Linux|OSX|Solaris|Unix):Version : EVAL-vendor_product","EVAL-vendor_product",SYSTEM,
"PROD-SH","IP-10-0-1-70.US-WEST-2.COMPUTE.INTERNAL","Splunk_TA_nix",global,"source::...(Linux|Unix):Service",note,"if(match(_raw,""runlevel[06]\=on""),""Runlevels 0 and 6 are reserved for halt and reboot respectively"",null())","source::...(Linux|Unix):Service : EVAL-note","EVAL-note",SYSTEM,
"PROD-SH","IP-10-0-1-70.US-WEST-2.COMPUTE.INTERNAL","Splunk_TA_nix",global,"source::...(Linux|Unix):Service","start_mode","case(isnotnull(StartMode),StartMode,match(_raw,""runlevel\d+\=on""),""Auto"",1=1,""Disabled"")","source::...(Linux|Unix):Service : EVAL-start_mode","EVAL-start_mode",SYSTEM,
"PROD-SH","IP-10-0-1-70.US-WEST-2.COMPUTE.INTERNAL","Splunk_TA_nix",global,syslog,action,"if(app=""su"" AND isnull(action),""success"",action)","syslog : EVAL-action","EVAL-action",SYSTEM,
"PROD-SH","IP-10-0-1-70.US-WEST-2.COMPUTE.INTERNAL","Splunk_TA_nix",global,syslog,signature,"if(isnotnull(inbound_interface),""firewall"",null())","syslog : EVAL-signature","EVAL-signature",SYSTEM,
"PROD-SH","IP-10-0-1-70.US-WEST-2.COMPUTE.INTERNAL","Splunk_TA_nix",global,vmstat,UsedBytes,"tonumber(memUsedMB, 10)*1048756","vmstat : EVAL-UsedBytes","EVAL-UsedBytes",SYSTEM,
"PROD-SH","IP-10-0-1-70.US-WEST-2.COMPUTE.INTERNAL","Splunk_TA_nix",global,vmstat,mem,"if(isnotnull(memFreeMB) AND isnotnull(memUsedMB),(memFreeMB)+(memUsedMB),null())","vmstat : EVAL-mem","EVAL-mem",SYSTEM,
"PROD-SH","IP-10-0-1-70.US-WEST-2.COMPUTE.INTERNAL","Splunk_TA_nix",global,vmstat,"mem_free","if(isnotnull(memFreeMB),memFreeMB,null())","vmstat : EVAL-mem_free","EVAL-mem_free",SYSTEM,
"PROD-SH","IP-10-0-1-70.US-WEST-2.COMPUTE.INTERNAL","Splunk_TA_nix",global,vmstat,"mem_page_ops","pgPageIn_PS + pgPageOut_PS","vmstat : EVAL-mem_page_ops","EVAL-mem_page_ops",SYSTEM,
"PROD-SH","IP-10-0-1-70.US-WEST-2.COMPUTE.INTERNAL","Splunk_TA_nix",global,vmstat,"mem_used","if(isnotnull(memUsedMB),memUsedMB,null())","vmstat : EVAL-mem_used","EVAL-mem_used",SYSTEM,
"PROD-SH","IP-10-0-1-70.US-WEST-2.COMPUTE.INTERNAL","Splunk_TA_stream",global,"source::stream:*",packets,"case(isnum(packets),packets,isnum(packets_in) AND isnum(packets_out),packets_in+packets_out,1=1,null())","source::stream:* : EVAL-packets","EVAL-packets",SYSTEM,
"PROD-SH","IP-10-0-1-70.US-WEST-2.COMPUTE.INTERNAL","Splunk_TA_stream",global,"stream:dhcp",action,"case (opcode == ""DHCPACK"", ""added"", opcode == ""DHCPNAK"", ""blocked"", 1=1, ""unknown"")","stream:dhcp : EVAL-action","EVAL-action",SYSTEM,
"PROD-SH","IP-10-0-1-70.US-WEST-2.COMPUTE.INTERNAL","Splunk_TA_stream",global,"stream:dns","message_type","coalesce(message_types, message_type)","stream:dns : EVAL-message_type","EVAL-message_type",SYSTEM,
"PROD-SH","IP-10-0-1-70.US-WEST-2.COMPUTE.INTERNAL","Splunk_TA_stream",global,"stream:dns",query,"coalesce(query,queries)","stream:dns : EVAL-query","EVAL-query",SYSTEM,
"PROD-SH","IP-10-0-1-70.US-WEST-2.COMPUTE.INTERNAL","Splunk_TA_stream",global,"stream:http",action,"case(status>=200 AND status<300, ""allowed"", 
                                   status>=400, ""blocked"")","stream:http : EVAL-action","EVAL-action",SYSTEM,
"PROD-SH","IP-10-0-1-70.US-WEST-2.COMPUTE.INTERNAL","Splunk_TA_stream",global,"stream:http",url,"""http"".if(isnotnull(ssl_version),""s"","""").""://"".site.if(dest_port=443 OR dest_port=80,"""","":"".dest_port).uri_path","stream:http : EVAL-url","EVAL-url",SYSTEM,
"PROD-SH","IP-10-0-1-70.US-WEST-2.COMPUTE.INTERNAL","Splunk_TA_stream",global,"stream:imap",action,"case (((method == ""SELECT"" OR method==""EXAMINE"" OR method==""LIST"") AND match(server_response, ""^.*OK.*"")),""delivered"", ((method == ""AUTHENTICATE"" OR method == ""LOGIN"") AND match(server_response, ""^.*OK.*"")), ""success"", ((method == ""AUTHENTICATE"" OR method == ""LOGIN"") AND (match(server_response, ""^.*NO.*"") OR match(server_response, ""^.*BAD.*""))), ""failure"", (method == ""EXPUNGE"" AND match(server_response, ""^.*OK.*"")), ""deleted"", isnotnull(method), ""unknown"")","stream:imap : EVAL-action","EVAL-action",SYSTEM,
"PROD-SH","IP-10-0-1-70.US-WEST-2.COMPUTE.INTERNAL","Splunk_TA_stream",global,"stream:imap",delay,"time_taken/1000000","stream:imap : EVAL-delay","EVAL-delay",SYSTEM,
"PROD-SH","IP-10-0-1-70.US-WEST-2.COMPUTE.INTERNAL","Splunk_TA_stream",global,"stream:imap",filename,"coalesce(attach_filenames, attach_filename)","stream:imap : EVAL-filename","EVAL-filename",SYSTEM,
"PROD-SH","IP-10-0-1-70.US-WEST-2.COMPUTE.INTERNAL","Splunk_TA_stream",global,"stream:imap",recipient,"coalesce(receiver_email,receiver_emails)","stream:imap : EVAL-recipient","EVAL-recipient",SYSTEM,
"PROD-SH","IP-10-0-1-70.US-WEST-2.COMPUTE.INTERNAL","Splunk_TA_stream",global,"stream:imap","status_code","case (isnotnull(server_response) AND match(server_response, ""^.*OK.*""), ""OK"", isnotnull(server_response), ""ERROR"", isnull(server_response), ""UNKNOWN"")","stream:imap : EVAL-status_code","EVAL-status_code",SYSTEM,
"PROD-SH","IP-10-0-1-70.US-WEST-2.COMPUTE.INTERNAL","Splunk_TA_stream",global,"stream:mysql","query_time","strptime(timestamp, ""%Y-%m-%dT%H:%M:%S.%6NZ"")","stream:mysql : EVAL-query_time","EVAL-query_time",SYSTEM,
"PROD-SH","IP-10-0-1-70.US-WEST-2.COMPUTE.INTERNAL","Splunk_TA_stream",global,"stream:netflow",direction,"case (flow_dir == 0, ""inbound"", flow_dir == 1, ""outbound"", isnotnull(flow_dir), ""unknown"")","stream:netflow : EVAL-direction","EVAL-direction",SYSTEM,
"PROD-SH","IP-10-0-1-70.US-WEST-2.COMPUTE.INTERNAL","Splunk_TA_stream",global,"stream:pop3",action,"case (((method == ""dele"" OR method == ""DELE"") AND match(server_response,""^\+OK.*"")), ""deleted"", ((method == ""retr"" OR method == ""RETR"") AND match(server_response,""^\+OK.*"")), ""delivered"", isnotnull(method), ""unknown"")","stream:pop3 : EVAL-action","EVAL-action",SYSTEM,
"PROD-SH","IP-10-0-1-70.US-WEST-2.COMPUTE.INTERNAL","Splunk_TA_stream",global,"stream:pop3",delay,"time_taken/1000000","stream:pop3 : EVAL-delay","EVAL-delay",SYSTEM,
"PROD-SH","IP-10-0-1-70.US-WEST-2.COMPUTE.INTERNAL","Splunk_TA_stream",global,"stream:pop3","file_name","coalesce(attach_filenames, attach_filename)","stream:pop3 : EVAL-file_name","EVAL-file_name",SYSTEM,
"PROD-SH","IP-10-0-1-70.US-WEST-2.COMPUTE.INTERNAL","Splunk_TA_stream",global,"stream:pop3","orig_recipient","coalesce(receiver_email,receiver_emails)","stream:pop3 : EVAL-orig_recipient","EVAL-orig_recipient",SYSTEM,
"PROD-SH","IP-10-0-1-70.US-WEST-2.COMPUTE.INTERNAL","Splunk_TA_stream",global,"stream:pop3",recipient,"coalesce(receiver, receivers)","stream:pop3 : EVAL-recipient","EVAL-recipient",SYSTEM,
"PROD-SH","IP-10-0-1-70.US-WEST-2.COMPUTE.INTERNAL","Splunk_TA_stream",global,"stream:postgres","query_time","strptime(timestamp, ""%Y-%m-%dT%H:%M:%S.%6NZ"")","stream:postgres : EVAL-query_time","EVAL-query_time",SYSTEM,
"PROD-SH","IP-10-0-1-70.US-WEST-2.COMPUTE.INTERNAL","Splunk_TA_stream",global,"stream:smtp",action,"case (response_code >= 421, ""blocked"", response_code >= 200 AND response_code < 421, ""delivered"", isnotnull(response_code), ""unknown"")","stream:smtp : EVAL-action","EVAL-action",SYSTEM,
"PROD-SH","IP-10-0-1-70.US-WEST-2.COMPUTE.INTERNAL","Splunk_TA_stream",global,"stream:smtp",delay,"time_taken/1000000","stream:smtp : EVAL-delay","EVAL-delay",SYSTEM,
"PROD-SH","IP-10-0-1-70.US-WEST-2.COMPUTE.INTERNAL","Splunk_TA_stream",global,"stream:smtp","file_hash","mvappend('attach_content_decoded_md5_hash{}', 'attach_content_md5_hash{}' )","stream:smtp : EVAL-file_hash","EVAL-file_hash",SYSTEM,
"PROD-SH","IP-10-0-1-70.US-WEST-2.COMPUTE.INTERNAL","Splunk_TA_stream",global,"stream:smtp","file_name","coalesce(file_name, attach_filename)","stream:smtp : EVAL-file_name","EVAL-file_name",SYSTEM,
"PROD-SH","IP-10-0-1-70.US-WEST-2.COMPUTE.INTERNAL","Splunk_TA_stream",global,"stream:smtp","file_size","coalesce(file_size, attach_size)","stream:smtp : EVAL-file_size","EVAL-file_size",SYSTEM,
"PROD-SH","IP-10-0-1-70.US-WEST-2.COMPUTE.INTERNAL","Splunk_TA_stream",global,"stream:smtp","receiver_count","if (isnotnull(receiver_rcpt_to), 1, 0)","stream:smtp : EVAL-receiver_count","EVAL-receiver_count",SYSTEM,
"PROD-SH","IP-10-0-1-70.US-WEST-2.COMPUTE.INTERNAL","Splunk_TA_stream",global,"stream:smtp",recipient,"coalesce(recipient, recipient_2, receiver_email, receiver_rcpt_to)","stream:smtp : EVAL-recipient","EVAL-recipient",SYSTEM,
"PROD-SH","IP-10-0-1-70.US-WEST-2.COMPUTE.INTERNAL","Splunk_TA_stream",global,"stream:tcp","ssl_end_time","strptime(ssl_validity_end, ""%b %d %H:%M:%S %Y %Z"")","stream:tcp : EVAL-ssl_end_time","EVAL-ssl_end_time",SYSTEM,
"PROD-SH","IP-10-0-1-70.US-WEST-2.COMPUTE.INTERNAL","Splunk_TA_stream",global,"stream:tcp","ssl_start_time","strptime(ssl_validity_start, ""%b %d %H:%M:%S %Y %Z"")","stream:tcp : EVAL-ssl_start_time","EVAL-ssl_start_time",SYSTEM,
"PROD-SH","IP-10-0-1-70.US-WEST-2.COMPUTE.INTERNAL","Splunk_TA_stream",global,"stream:tcp",transport,"""tcp""","stream:tcp : EVAL-transport","EVAL-transport",SYSTEM,
"PROD-SH","IP-10-0-1-70.US-WEST-2.COMPUTE.INTERNAL","Splunk_TA_stream",global,"stream:tds","query_time","strptime(timestamp, ""%Y-%m-%dT%H:%M:%S.%6NZ"")","stream:tds : EVAL-query_time","EVAL-query_time",SYSTEM,
"PROD-SH","IP-10-0-1-70.US-WEST-2.COMPUTE.INTERNAL","Splunk_TA_stream",global,"stream:tns","query_time","strptime(timestamp, ""%Y-%m-%dT%H:%M:%S.%6NZ"")","stream:tns : EVAL-query_time","EVAL-query_time",SYSTEM,
"PROD-SH","IP-10-0-1-70.US-WEST-2.COMPUTE.INTERNAL","Splunk_TA_stream",global,"stream:udp",transport,"""udp""","stream:udp : EVAL-transport","EVAL-transport",SYSTEM,
"PROD-SH","IP-10-0-1-70.US-WEST-2.COMPUTE.INTERNAL","Splunk_TA_stream",global,"stream:xmpp","object_category","if(isnotnull(filename), ""file"", """")","stream:xmpp : EVAL-object_category","EVAL-object_category",SYSTEM,
"PROD-SH","IP-10-0-1-70.US-WEST-2.COMPUTE.INTERNAL",nmon,global,"nmon_config","AIX_version","case(isnotnull(AIX_LEVEL), ""IBM AIX"" + "" "" + AIX_LEVEL)","nmon_config : EVAL-AIX_version","EVAL-AIX_version",ADMIN,
"PROD-SH","IP-10-0-1-70.US-WEST-2.COMPUTE.INTERNAL",nmon,global,"nmon_config","Linux_distribution","if(isnotnull(Linux_lsb_distribution), Linux_lsb_distribution, Linux_release_distribution)","nmon_config : EVAL-Linux_distribution","EVAL-Linux_distribution",ADMIN,
"PROD-SH","IP-10-0-1-70.US-WEST-2.COMPUTE.INTERNAL",nmon,global,"nmon_config",OStype,"case(AAA_OS == ""Linux"", ""Linux"", AAA_OS == ""Solaris"", ""Solaris"", isnotnull(AIX_LEVEL), ""AIX"", isnull(AAA_OS), ""Unknown"")","nmon_config : EVAL-OStype","EVAL-OStype",ADMIN,
"PROD-SH","IP-10-0-1-70.US-WEST-2.COMPUTE.INTERNAL",nmon,global,"nmon_config","cpu_cores","if(isnotnull(AIX_virtualcpus), AIX_virtualcpus, cpu_cores_position1)","nmon_config : EVAL-cpu_cores","EVAL-cpu_cores",ADMIN,
"PROD-SH","IP-10-0-1-70.US-WEST-2.COMPUTE.INTERNAL",nmon,global,"nmon_config","cpu_cores_combo","AIX_virtualcpus . "" / "" . cpu_cores_position2","nmon_config : EVAL-cpu_cores_combo","EVAL-cpu_cores_combo",ADMIN,
"PROD-SH","IP-10-0-1-70.US-WEST-2.COMPUTE.INTERNAL",nmon,global,"nmon_config","cpu_count","case(isnotnull(AIX_LEVEL), AIX_virtualcpus, isnotnull(Solaris_LEVEL), cpu_cores_position1, isnotnull(Linux_LEVEL), cpu_cores_position1)","nmon_config : EVAL-cpu_count","EVAL-cpu_count",ADMIN,
"PROD-SH","IP-10-0-1-70.US-WEST-2.COMPUTE.INTERNAL",nmon,global,"nmon_config","cpu_mhz","case(isnotnull(Linux_LEVEL), case(isnotnull(Linux_processor_clockspeed_1), Linux_processor_clockspeed_1, isnotnull(Linux_processor_clockspeed_2), Linux_processor_clockspeed_2, isnotnull(Linux_processor_clockspeed_3), Linux_processor_clockspeed_3), isnotnull(Solaris_LEVEL), Solaris_processor_clockspeed, isnotnull(AIX_LEVEL), AIX_processor_clockspeed)","nmon_config : EVAL-cpu_mhz","EVAL-cpu_mhz",ADMIN,
"PROD-SH","IP-10-0-1-70.US-WEST-2.COMPUTE.INTERNAL",nmon,global,"nmon_config",family,"case(isnotnull(Linux_LEVEL), Linux_processor_type, isnotnull(Solaris_LEVEL), Solaris_processor_type, isnotnull(AIX_LEVEL), AIX_processor_type)","nmon_config : EVAL-family","EVAL-family",ADMIN,
"PROD-SH","IP-10-0-1-70.US-WEST-2.COMPUTE.INTERNAL",nmon,global,"nmon_config",hypervisor,"if(isnotnull(AAA_serial), AAA_serial, hostname)","nmon_config : EVAL-hypervisor","EVAL-hypervisor",ADMIN,
"PROD-SH","IP-10-0-1-70.US-WEST-2.COMPUTE.INTERNAL",nmon,global,"nmon_config","hypervisor_id","if(isnotnull(AAA_serial), AAA_serial, hostname)","nmon_config : EVAL-hypervisor_id","EVAL-hypervisor_id",ADMIN,
"PROD-SH","IP-10-0-1-70.US-WEST-2.COMPUTE.INTERNAL",nmon,global,"nmon_config",mem,"case(isnotnull(Linux_LEVEL), round((Linux_realmemory_KB/1024),0), isnotnull(Solaris_LEVEL), Solaris_realmemory_MB, isnotnull(AIX_realmemory_online_MB), if(isnotnull(AIX_realmemory_online_MB), AIX_realmemory_online_MB, AIX_realmemory_lsconf_MB) )","nmon_config : EVAL-mem","EVAL-mem",ADMIN,
"PROD-SH","IP-10-0-1-70.US-WEST-2.COMPUTE.INTERNAL",nmon,global,"nmon_config",os,"case(isnotnull(Linux_LEVEL), (if(isnotnull(Linux_lsb_distribution), Linux_lsb_distribution, Linux_release_distribution)), isnotnull(Solaris_LEVEL), Solaris_version, isnotnull(AIX_LEVEL), ""IBM AIX "" + 'AIX_LEVEL' )","nmon_config : EVAL-os","EVAL-os",ADMIN,
"PROD-SH","IP-10-0-1-70.US-WEST-2.COMPUTE.INTERNAL",nmon,global,"nmon_config",processor,"case(isnotnull(AIX_LEVEL), AIX_processor, AAA_OS == ""Solaris"", case(isnotnull(Solaris_processor_primary), Solaris_processor_primary, isnotnull(Solaris_processor_alt), Solaris_processor_alt), AAA_OS == ""Linux"", case(isnotnull(Linux_processor_lscpu), Linux_processor_lscpu + "" (arch: "" + Linux_arch + "")"" , isnull(Linux_processor_lscpu), Linux_processor_cpuinfo) )","nmon_config : EVAL-processor","EVAL-processor",ADMIN,
"PROD-SH","IP-10-0-1-70.US-WEST-2.COMPUTE.INTERNAL",nmon,global,"nmon_config",serial,"if(isnotnull(AAA_serial), AAA_serial, host)","nmon_config : EVAL-serial","EVAL-serial",ADMIN,
"PROD-SH","IP-10-0-1-70.US-WEST-2.COMPUTE.INTERNAL",nmon,global,"nmon_config",uptime,"case(isnotnull(uptime_daysmin) AND isnotnull(uptime_daysmin), ((uptime_days*86400)+(uptime_daysmin*60)),
isnotnull(uptime_days) AND isnotnull(uptime_dayshour) AND isnotnull(uptime_daystime), ((uptime_days*86400)+(uptime_dayshour*3600)+(uptime_daystime*60)),
isnotnull(uptime_minutes), (uptime_minutes*60),
isnotnull(uptime_hours) AND isnotnull(uptime_hours_hours), (uptime_hours_hours*60*60) + (uptime_hours_minutes*60),
isnotnull(uptime_hours), (uptime_hours*60*60),
isnotnull(uptime_days), (uptime_days*86400) )","nmon_config : EVAL-uptime","EVAL-uptime",ADMIN,
"PROD-SH","IP-10-0-1-70.US-WEST-2.COMPUTE.INTERNAL",nmon,global,"nmon_config","uptime_fromdays","(uptime_days*86400)","nmon_config : EVAL-uptime_fromdays","EVAL-uptime_fromdays",ADMIN,
"PROD-SH","IP-10-0-1-70.US-WEST-2.COMPUTE.INTERNAL",nmon,global,"nmon_config","uptime_fromhours","(uptime_hours_hours*60*60) + (uptime_hours_minutes*60)","nmon_config : EVAL-uptime_fromhours","EVAL-uptime_fromhours",ADMIN,
"PROD-SH","IP-10-0-1-70.US-WEST-2.COMPUTE.INTERNAL",nmon,global,"nmon_config","uptime_fromminutes","(uptime_minutes*60)","nmon_config : EVAL-uptime_fromminutes","EVAL-uptime_fromminutes",ADMIN,
"PROD-SH","IP-10-0-1-70.US-WEST-2.COMPUTE.INTERNAL",nmon,global,"nmon_config","vendor_product","case(isnotnull(Linux_LEVEL), (if(isnotnull(Linux_lsb_distribution), Linux_lsb_distribution, Linux_release_distribution)), isnotnull(Solaris_LEVEL), Solaris_version, isnotnull(AIX_LEVEL), ""IBM AIX "" + 'AIX_LEVEL' )","nmon_config : EVAL-vendor_product","EVAL-vendor_product",ADMIN,
"PROD-SH","IP-10-0-1-70.US-WEST-2.COMPUTE.INTERNAL",nmon,global,"nmon_config",version,"case(isnotnull(Linux_LEVEL), Linux_LEVEL, isnotnull(Solaris_LEVEL), Solaris_LEVEL, isnotnull(AIX_LEVEL), AIX_LEVEL )","nmon_config : EVAL-version","EVAL-version",ADMIN,
"PROD-SH","IP-10-0-1-70.US-WEST-2.COMPUTE.INTERNAL",nmon,global,"nmon_data","active_PCT","case(isnotnull(active), round(((active/memtotal)*100),2))","nmon_data : EVAL-active_PCT","EVAL-active_PCT",ADMIN,
"PROD-SH","IP-10-0-1-70.US-WEST-2.COMPUTE.INTERNAL",nmon,global,"nmon_data","buffers_PCT","case(isnotnull(buffers), round(((buffers/memtotal)*100),2))","nmon_data : EVAL-buffers_PCT","EVAL-buffers_PCT",ADMIN,
"PROD-SH","IP-10-0-1-70.US-WEST-2.COMPUTE.INTERNAL",nmon,global,"nmon_data",bytes,"case(case(type==""NET"", direction_pattern==""read""), (value*1000), case(type==""NET"", direction_pattern==""write""), (value*1000) )","nmon_data : EVAL-bytes","EVAL-bytes",ADMIN,
"PROD-SH","IP-10-0-1-70.US-WEST-2.COMPUTE.INTERNAL",nmon,global,"nmon_data","bytes_in","case(type==""NET"", case(direction_pattern==""read"", (value*1000)) )","nmon_data : EVAL-bytes_in","EVAL-bytes_in",ADMIN,
"PROD-SH","IP-10-0-1-70.US-WEST-2.COMPUTE.INTERNAL",nmon,global,"nmon_data","bytes_out","case(type==""NET"", case(direction_pattern==""write"", (value*1000)) )","nmon_data : EVAL-bytes_out","EVAL-bytes_out",ADMIN,
"PROD-SH","IP-10-0-1-70.US-WEST-2.COMPUTE.INTERNAL",nmon,global,"nmon_data","cached_PCT","case(isnotnull(cached), round(((cached/memtotal)*100),2))","nmon_data : EVAL-cached_PCT","EVAL-cached_PCT",ADMIN,
"PROD-SH","IP-10-0-1-70.US-WEST-2.COMPUTE.INTERNAL",nmon,global,"nmon_data","cpu_idle_logicalcpus","case(match(type,""CPU_ALL""), (Idle/100*logical_cpus))","nmon_data : EVAL-cpu_idle_logicalcpus","EVAL-cpu_idle_logicalcpus",ADMIN,
"PROD-SH","IP-10-0-1-70.US-WEST-2.COMPUTE.INTERNAL",nmon,global,"nmon_data","cpu_load_logicalcpus","case(match(type,""CPU_ALL""), ((Sys_PCT+User_PCT+Wait_PCT)/100*logical_cpus))","nmon_data : EVAL-cpu_load_logicalcpus","EVAL-cpu_load_logicalcpus",ADMIN,
"PROD-SH","IP-10-0-1-70.US-WEST-2.COMPUTE.INTERNAL",nmon,global,"nmon_data","cpu_load_percent","case(match(type,""CPU.*""), (Sys_PCT+User_PCT+Wait_PCT), type==""TOP"", pct_CPU, type==""LPAR"", round((VP_User_PCT+VP_Sys_PCT+VP_Wait_PCT+VP_Idle_PCT),2), OStype==""Linux"", round((PhysicalCPU/partition_active_processors*100),2) )","nmon_data : EVAL-cpu_load_percent","EVAL-cpu_load_percent",ADMIN,
"PROD-SH","IP-10-0-1-70.US-WEST-2.COMPUTE.INTERNAL",nmon,global,"nmon_data","cpu_user_logicalcpus","case(match(type,""CPU_ALL""), (User_PCT/100*logical_cpus))","nmon_data : EVAL-cpu_user_logicalcpus","EVAL-cpu_user_logicalcpus",ADMIN,
"PROD-SH","IP-10-0-1-70.US-WEST-2.COMPUTE.INTERNAL",nmon,global,"nmon_data","cpu_wait_logicalcpus","case(match(type,""CPU_ALL""), (Wait_PCT/100*logical_cpus))","nmon_data : EVAL-cpu_wait_logicalcpus","EVAL-cpu_wait_logicalcpus",ADMIN,
"PROD-SH","IP-10-0-1-70.US-WEST-2.COMPUTE.INTERNAL",nmon,global,"nmon_data",direction,"case(direction_pattern==""read"", ""inbound"", direction_pattern==""write"", ""outbound"")","nmon_data : EVAL-direction","EVAL-direction",ADMIN,
"PROD-SH","IP-10-0-1-70.US-WEST-2.COMPUTE.INTERNAL",nmon,global,"nmon_data","disk_backlog_time_ms","case(type==""DGBACKLOG"", value)","nmon_data : EVAL-disk_backlog_time_ms","EVAL-disk_backlog_time_ms",ADMIN,
"PROD-SH","IP-10-0-1-70.US-WEST-2.COMPUTE.INTERNAL",nmon,global,"nmon_data","disk_block_size_KB","case(type==""DGSIZE"", value)","nmon_data : EVAL-disk_block_size_KB","EVAL-disk_block_size_KB",ADMIN,
"PROD-SH","IP-10-0-1-70.US-WEST-2.COMPUTE.INTERNAL",nmon,global,"nmon_data","disk_busy_time_pct","case(type==""DGBUSY"", value)","nmon_data : EVAL-disk_busy_time_pct","EVAL-disk_busy_time_pct",ADMIN,
"PROD-SH","IP-10-0-1-70.US-WEST-2.COMPUTE.INTERNAL",nmon,global,"nmon_data","disk_in_flight_io","case(type==""DGINFLIGHT"", value)","nmon_data : EVAL-disk_in_flight_io","EVAL-disk_in_flight_io",ADMIN,
"PROD-SH","IP-10-0-1-70.US-WEST-2.COMPUTE.INTERNAL",nmon,global,"nmon_data","disk_merge_read_sec","case(type==""DGREADMERGE"", value)","nmon_data : EVAL-disk_merge_read_sec","EVAL-disk_merge_read_sec",ADMIN,
"PROD-SH","IP-10-0-1-70.US-WEST-2.COMPUTE.INTERNAL",nmon,global,"nmon_data","disk_merge_write_sec","case(type==""DGWRITEMERGE"", value)","nmon_data : EVAL-disk_merge_write_sec","EVAL-disk_merge_write_sec",ADMIN,
"PROD-SH","IP-10-0-1-70.US-WEST-2.COMPUTE.INTERNAL",nmon,global,"nmon_data","disk_read_KB_per_sec","case(type==""DGREAD"", value)","nmon_data : EVAL-disk_read_KB_per_sec","EVAL-disk_read_KB_per_sec",ADMIN,
"PROD-SH","IP-10-0-1-70.US-WEST-2.COMPUTE.INTERNAL",nmon,global,"nmon_data","disk_read_sec","case(type==""DGREADS"", value)","nmon_data : EVAL-disk_read_sec","EVAL-disk_read_sec",ADMIN,
"PROD-SH","IP-10-0-1-70.US-WEST-2.COMPUTE.INTERNAL",nmon,global,"nmon_data","disk_read_service_time_ms","case(type==""DGREADSERV"", value)","nmon_data : EVAL-disk_read_service_time_ms","EVAL-disk_read_service_time_ms",ADMIN,
"PROD-SH","IP-10-0-1-70.US-WEST-2.COMPUTE.INTERNAL",nmon,global,"nmon_data","disk_time_spent_for_io_ms","case(type==""DGIOTIME"", value)","nmon_data : EVAL-disk_time_spent_for_io_ms","EVAL-disk_time_spent_for_io_ms",ADMIN,
"PROD-SH","IP-10-0-1-70.US-WEST-2.COMPUTE.INTERNAL",nmon,global,"nmon_data","disk_total_iops","case(type==""DGXFER"", value)","nmon_data : EVAL-disk_total_iops","EVAL-disk_total_iops",ADMIN,
"PROD-SH","IP-10-0-1-70.US-WEST-2.COMPUTE.INTERNAL",nmon,global,"nmon_data","disk_write_KB_per_sec","case(type==""DGWRITE"", value)","nmon_data : EVAL-disk_write_KB_per_sec","EVAL-disk_write_KB_per_sec",ADMIN,
"PROD-SH","IP-10-0-1-70.US-WEST-2.COMPUTE.INTERNAL",nmon,global,"nmon_data","disk_write_sec","case(type==""DGWRITES"", value)","nmon_data : EVAL-disk_write_sec","EVAL-disk_write_sec",ADMIN,
"PROD-SH","IP-10-0-1-70.US-WEST-2.COMPUTE.INTERNAL",nmon,global,"nmon_data","disk_write_service_time_ms","case(type==""DGWRITESERV"", value)","nmon_data : EVAL-disk_write_service_time_ms","EVAL-disk_write_service_time_ms",ADMIN,
"PROD-SH","IP-10-0-1-70.US-WEST-2.COMPUTE.INTERNAL",nmon,global,"nmon_data","hypervisor_id","if(isnotnull(frameID), frameID, serialnum)","nmon_data : EVAL-hypervisor_id","EVAL-hypervisor_id",ADMIN,
"PROD-SH","IP-10-0-1-70.US-WEST-2.COMPUTE.INTERNAL",nmon,global,"nmon_data","inactive_PCT","case(isnotnull(inactive), round(((inactive/memtotal)*100),2))","nmon_data : EVAL-inactive_PCT","EVAL-inactive_PCT",ADMIN,
"PROD-SH","IP-10-0-1-70.US-WEST-2.COMPUTE.INTERNAL",nmon,global,"nmon_data","lpar_entitled_capacity","case(OStype==""AIX"", entitled, OStype=""Linux"", partition_entitled_capacity)","nmon_data : EVAL-lpar_entitled_capacity","EVAL-lpar_entitled_capacity",ADMIN,
"PROD-SH","IP-10-0-1-70.US-WEST-2.COMPUTE.INTERNAL",nmon,global,"nmon_data","lpar_pool_capacity","case(OStype==""AIX"", poolCPUs, OStype=""Linux"", (pool_capacity/100))","nmon_data : EVAL-lpar_pool_capacity","EVAL-lpar_pool_capacity",ADMIN,
"PROD-SH","IP-10-0-1-70.US-WEST-2.COMPUTE.INTERNAL",nmon,global,"nmon_data","lpar_pool_vp_usage","case(OStype==""AIX"", round((poolCPUs-PoolIdle),3), OStype=""Linux"", case(pool_idle_time>""0.1"" AND pool_idle_time<(pool_capacity/100), round((((pool_capacity/100)-pool_idle_time)/smt_mode),3)) )","nmon_data : EVAL-lpar_pool_vp_usage","EVAL-lpar_pool_vp_usage",ADMIN,
"PROD-SH","IP-10-0-1-70.US-WEST-2.COMPUTE.INTERNAL",nmon,global,"nmon_data","lpar_pool_vp_usage_PCT","case(OStype==""AIX"", round(((poolCPUs-PoolIdle)*100/poolCPUs),2), OStype=""Linux"", case(pool_idle_time>""0.1"" AND pool_idle_time<(pool_capacity/100), round((((pool_capacity/100)-pool_idle_time)/smt_mode)/(pool_capacity/100)*100,2)) )","nmon_data : EVAL-lpar_pool_vp_usage_PCT","EVAL-lpar_pool_vp_usage_PCT",ADMIN,
"PROD-SH","IP-10-0-1-70.US-WEST-2.COMPUTE.INTERNAL",nmon,global,"nmon_data","lpar_vp_capacity","case(OStype==""AIX"", virtualCPUs, OStype=""Linux"", partition_active_processors)","nmon_data : EVAL-lpar_vp_capacity","EVAL-lpar_vp_capacity",ADMIN,
"PROD-SH","IP-10-0-1-70.US-WEST-2.COMPUTE.INTERNAL",nmon,global,"nmon_data","lpar_vp_usage","case(OStype==""AIX"", round(((VP_User_PCT+VP_Sys_PCT+VP_Wait_PCT+VP_Idle_PCT)*virtualCPUs/100),3), OStype==""Linux"", round(PhysicalCPU,3))","nmon_data : EVAL-lpar_vp_usage","EVAL-lpar_vp_usage",ADMIN,
"PROD-SH","IP-10-0-1-70.US-WEST-2.COMPUTE.INTERNAL",nmon,global,"nmon_data","lpar_vp_usage_PCT","case(OStype==""AIX"", round((VP_User_PCT+VP_Sys_PCT+VP_Wait_PCT+VP_Idle_PCT),2), OStype==""Linux"", round((PhysicalCPU/partition_active_processors*100),2))","nmon_data : EVAL-lpar_vp_usage_PCT","EVAL-lpar_vp_usage_PCT",ADMIN,
"PROD-SH","IP-10-0-1-70.US-WEST-2.COMPUTE.INTERNAL",nmon,global,"nmon_data",mem,"case(isnotnull(Real_total_MB), Real_total_MB, isnotnull(memtotal), memtotal)","nmon_data : EVAL-mem","EVAL-mem",ADMIN,
"PROD-SH","IP-10-0-1-70.US-WEST-2.COMPUTE.INTERNAL",nmon,global,"nmon_data","mem_free","case(isnotnull(Real_free_MB), Real_free_MB, isnotnull(memfree), memfree)","nmon_data : EVAL-mem_free","EVAL-mem_free",ADMIN,
"PROD-SH","IP-10-0-1-70.US-WEST-2.COMPUTE.INTERNAL",nmon,global,"nmon_data","mem_free_PCT","case(isnotnull(Real_Free_PCT), Real_Free_PCT, isnotnull(memtotal), round(((memfree/memtotal)*100),2))","nmon_data : EVAL-mem_free_PCT","EVAL-mem_free_PCT",ADMIN,
"PROD-SH","IP-10-0-1-70.US-WEST-2.COMPUTE.INTERNAL",nmon,global,"nmon_data","mem_free_effective","case(isnotnull(Real_free_MB), Real_free_MB, isnotnull(cached), (memfree+(buffers+cached)), isnotnull(memtotal), memfree)","nmon_data : EVAL-mem_free_effective","EVAL-mem_free_effective",ADMIN,
"PROD-SH","IP-10-0-1-70.US-WEST-2.COMPUTE.INTERNAL",nmon,global,"nmon_data","mem_free_effective_PCT","case(isnotnull(Real_Free_PCT), Real_Free_PCT, isnotnull(cached), round((((memfree+(buffers+cached))/memtotal)*100),2), isnotnull(memtotal), round(((memfree/memtotal)*100),2))","nmon_data : EVAL-mem_free_effective_PCT","EVAL-mem_free_effective_PCT",ADMIN,
"PROD-SH","IP-10-0-1-70.US-WEST-2.COMPUTE.INTERNAL",nmon,global,"nmon_data","mem_free_percent","case(isnotnull(Real_Free_PCT), Real_Free_PCT, isnotnull(cached), round((((memfree+(buffers+cached))/memtotal)*100),2), isnotnull(memtotal), round(((memfree/memtotal)*100),2))","nmon_data : EVAL-mem_free_percent","EVAL-mem_free_percent",ADMIN,
"PROD-SH","IP-10-0-1-70.US-WEST-2.COMPUTE.INTERNAL",nmon,global,"nmon_data","mem_used","case(type==""MEM"", (case(isnotnull(Real_total_MB), (Real_total_MB-Real_free_MB), isnotnull(memtotal), (memtotal-memfree))), type=""TOP"", case(OStype=""AIX"", ((ResData+ResText)), OStype=""Linux"", (ResSet), OStype=""Solaris"", ResSize))","nmon_data : EVAL-mem_used","EVAL-mem_used",ADMIN,
"PROD-SH","IP-10-0-1-70.US-WEST-2.COMPUTE.INTERNAL",nmon,global,"nmon_data","mem_used_PCT","case(isnotnull(Real_total_MB), round((((Real_total_MB-Real_free_MB)/Real_total_MB)*100),2), isnotnull(memtotal), round((((memtotal-memfree)/memtotal)*100),2))","nmon_data : EVAL-mem_used_PCT","EVAL-mem_used_PCT",ADMIN,
"PROD-SH","IP-10-0-1-70.US-WEST-2.COMPUTE.INTERNAL",nmon,global,"nmon_data","mem_used_effective","case(type==""MEM"", (case(isnotnull(Real_total_MB), (Real_total_MB-Real_free_MB), isnotnull(cached), ((memtotal-(buffers+cached))-memfree), isnotnull(memtotal), memtotal-memfree)))","nmon_data : EVAL-mem_used_effective","EVAL-mem_used_effective",ADMIN,
"PROD-SH","IP-10-0-1-70.US-WEST-2.COMPUTE.INTERNAL",nmon,global,"nmon_data","mem_used_effective_PCT","case(isnotnull(Real_total_MB), round((((Real_total_MB-Real_free_MB)/Real_total_MB)*100),2), isnotnull(cached), round((((((memtotal-(buffers+cached))-memfree))/memtotal)*100),2), isnotnull(memtotal), round((((memtotal-memfree)/memtotal)*100),2))","nmon_data : EVAL-mem_used_effective_PCT","EVAL-mem_used_effective_PCT",ADMIN,
"PROD-SH","IP-10-0-1-70.US-WEST-2.COMPUTE.INTERNAL",nmon,global,"nmon_data","mem_used_percent","case(isnotnull(Real_total_MB), round((((Real_total_MB-Real_free_MB)/Real_total_MB)*100),2), isnotnull(cached), round((((((memtotal-(buffers+cached))-memfree))/memtotal)*100),2), isnotnull(memtotal), round((((memtotal-memfree)/memtotal)*100),2))","nmon_data : EVAL-mem_used_percent","EVAL-mem_used_percent",ADMIN,
"PROD-SH","IP-10-0-1-70.US-WEST-2.COMPUTE.INTERNAL",nmon,global,"nmon_data",mount,"case(match(type, ""JFS\w*""), device, match(type, ""DF_\w*""), mount)","nmon_data : EVAL-mount","EVAL-mount",ADMIN,
"PROD-SH","IP-10-0-1-70.US-WEST-2.COMPUTE.INTERNAL",nmon,global,"nmon_data",packets,"case(case(type==""NETPACKET"", direction_pattern==""read""), (value*1000), case(type==""NETPACKET"", direction_pattern==""write""), (value*1000) )","nmon_data : EVAL-packets","EVAL-packets",ADMIN,
"PROD-SH","IP-10-0-1-70.US-WEST-2.COMPUTE.INTERNAL",nmon,global,"nmon_data","packets_in","case(type==""NETPACKET"", case(direction_pattern==""read"", (value*1000)) )","nmon_data : EVAL-packets_in","EVAL-packets_in",ADMIN,
"PROD-SH","IP-10-0-1-70.US-WEST-2.COMPUTE.INTERNAL",nmon,global,"nmon_data","packets_out","case(type==""NETPACKET"", case(direction_pattern==""write"", (value*1000)) )","nmon_data : EVAL-packets_out","EVAL-packets_out",ADMIN,
"PROD-SH","IP-10-0-1-70.US-WEST-2.COMPUTE.INTERNAL",nmon,global,"nmon_data","process_cpu_used_percent","case(type==""TOP"", pct_CPU)","nmon_data : EVAL-process_cpu_used_percent","EVAL-process_cpu_used_percent",ADMIN,
"PROD-SH","IP-10-0-1-70.US-WEST-2.COMPUTE.INTERNAL",nmon,global,"nmon_data","process_mem_used","case(type=""TOP"", case(OStype=""AIX"", (ResSet), OStype=""Linux"", (ResSet), OStype=""Solaris"", ResSize))","nmon_data : EVAL-process_mem_used","EVAL-process_mem_used",ADMIN,
"PROD-SH","IP-10-0-1-70.US-WEST-2.COMPUTE.INTERNAL",nmon,global,"nmon_data",storage,"case(type==""DF_STORAGE"", round((blocks/1024), 2))","nmon_data : EVAL-storage","EVAL-storage",ADMIN,
"PROD-SH","IP-10-0-1-70.US-WEST-2.COMPUTE.INTERNAL",nmon,global,"nmon_data","storage_free","case(type==""DF_STORAGE"", round(((blocks-Used)/1024), 2))","nmon_data : EVAL-storage_free","EVAL-storage_free",ADMIN,
"PROD-SH","IP-10-0-1-70.US-WEST-2.COMPUTE.INTERNAL",nmon,global,"nmon_data","storage_free_inodes","case(type==""DF_INODES"", IFree)","nmon_data : EVAL-storage_free_inodes","EVAL-storage_free_inodes",ADMIN,
"PROD-SH","IP-10-0-1-70.US-WEST-2.COMPUTE.INTERNAL",nmon,global,"nmon_data","storage_free_inodes_percent","case(type==""DF_INODES"", (100-IUse_pct))","nmon_data : EVAL-storage_free_inodes_percent","EVAL-storage_free_inodes_percent",ADMIN,
"PROD-SH","IP-10-0-1-70.US-WEST-2.COMPUTE.INTERNAL",nmon,global,"nmon_data","storage_free_percent","case(type==""DF_STORAGE"", (100-Use_pct), type==""JFSFILE"", (100 - value))","nmon_data : EVAL-storage_free_percent","EVAL-storage_free_percent",ADMIN,
"PROD-SH","IP-10-0-1-70.US-WEST-2.COMPUTE.INTERNAL",nmon,global,"nmon_data","storage_inodes","case(type==""DF_INODES"", Inodes)","nmon_data : EVAL-storage_inodes","EVAL-storage_inodes",ADMIN,
"PROD-SH","IP-10-0-1-70.US-WEST-2.COMPUTE.INTERNAL",nmon,global,"nmon_data","storage_used","case(type==""DF_STORAGE"", round((Used/1024), 2))","nmon_data : EVAL-storage_used","EVAL-storage_used",ADMIN,
"PROD-SH","IP-10-0-1-70.US-WEST-2.COMPUTE.INTERNAL",nmon,global,"nmon_data","storage_used_inodes","case(type==""DF_INODES"", IUsed, type==""JFSINODES"", value)","nmon_data : EVAL-storage_used_inodes","EVAL-storage_used_inodes",ADMIN,
"PROD-SH","IP-10-0-1-70.US-WEST-2.COMPUTE.INTERNAL",nmon,global,"nmon_data","storage_used_inodes_percent","case(type==""DF_INODES"", IUse_pct, type==""JFSINODES"", (100-value))","nmon_data : EVAL-storage_used_inodes_percent","EVAL-storage_used_inodes_percent",ADMIN,
"PROD-SH","IP-10-0-1-70.US-WEST-2.COMPUTE.INTERNAL",nmon,global,"nmon_data","storage_used_percent","case(type==""DF_STORAGE"", Use_pct, type==""JFSFILE"", value)","nmon_data : EVAL-storage_used_percent","EVAL-storage_used_percent",ADMIN,
"PROD-SH","IP-10-0-1-70.US-WEST-2.COMPUTE.INTERNAL",nmon,global,"nmon_data",swap,"case(isnotnull(Virtual_total_MB), Virtual_total_MB, isnotnull(swaptotal), swaptotal)","nmon_data : EVAL-swap","EVAL-swap",ADMIN,
"PROD-SH","IP-10-0-1-70.US-WEST-2.COMPUTE.INTERNAL",nmon,global,"nmon_data","swap_free","case(isnotnull(Virtual_free_MB), Virtual_free_MB, isnotnull(swapfree), swapfree)","nmon_data : EVAL-swap_free","EVAL-swap_free",ADMIN,
"PROD-SH","IP-10-0-1-70.US-WEST-2.COMPUTE.INTERNAL",nmon,global,"nmon_data","swap_free_PCT","case(isnotnull(Virtual_free_PCT), Virtual_free_PCT, isnotnull(swapfree), round(((swapfree/swaptotal)*100),2))","nmon_data : EVAL-swap_free_PCT","EVAL-swap_free_PCT",ADMIN,
"PROD-SH","IP-10-0-1-70.US-WEST-2.COMPUTE.INTERNAL",nmon,global,"nmon_data","swap_free_effective","case(isnotnull(Virtual_free_MB), Virtual_free_MB, isnotnull(swapcached), (swapfree+swapcached), isnotnull(swapfree), swapfree)","nmon_data : EVAL-swap_free_effective","EVAL-swap_free_effective",ADMIN,
"PROD-SH","IP-10-0-1-70.US-WEST-2.COMPUTE.INTERNAL",nmon,global,"nmon_data","swap_free_effective_PCT","case(isnotnull(Virtual_free_PCT), Virtual_free_PCT, isnotnull(swapcached), round((((swapfree+swapcached)/swaptotal)*100),2), isnotnull(swapfree), round(((swapfree/swaptotal)*100),2))","nmon_data : EVAL-swap_free_effective_PCT","EVAL-swap_free_effective_PCT",ADMIN,
"PROD-SH","IP-10-0-1-70.US-WEST-2.COMPUTE.INTERNAL",nmon,global,"nmon_data","swap_used","case(isnotnull(Virtual_total_MB), (Virtual_total_MB-Virtual_free_MB), isnotnull(swaptotal), (swaptotal-swapfree))","nmon_data : EVAL-swap_used","EVAL-swap_used",ADMIN,
"PROD-SH","IP-10-0-1-70.US-WEST-2.COMPUTE.INTERNAL",nmon,global,"nmon_data","swap_used_PCT","case(isnotnull(Virtual_total_MB), round((((Virtual_total_MB-Virtual_free_MB)/Virtual_total_MB)*100),2), isnotnull(swaptotal), round((((swaptotal-swapfree)/swaptotal)*100),2))","nmon_data : EVAL-swap_used_PCT","EVAL-swap_used_PCT",ADMIN,
"PROD-SH","IP-10-0-1-70.US-WEST-2.COMPUTE.INTERNAL",nmon,global,"nmon_data","swap_used_effective","case(isnotnull(Virtual_total_MB), (Virtual_total_MB-Virtual_free_MB), isnotnull(swapcached), ((swaptotal-swapfree)-swapcached), isnotnull(swaptotal), (swaptotal-swapfree))","nmon_data : EVAL-swap_used_effective","EVAL-swap_used_effective",ADMIN,
"PROD-SH","IP-10-0-1-70.US-WEST-2.COMPUTE.INTERNAL",nmon,global,"nmon_data","swap_used_effective_PCT","case(isnotnull(Virtual_total_MB), round((((Virtual_total_MB-Virtual_free_MB)/Virtual_total_MB)*100),2), isnotnull(swapcached), round((((((swaptotal-swapfree)-swapcached))/swaptotal)*100),2), isnotnull(swaptotal), round((((swaptotal-swapfree)/swaptotal)*100),2))","nmon_data : EVAL-swap_used_effective_PCT","EVAL-swap_used_effective_PCT",ADMIN,
"PROD-SH","IP-10-0-1-70.US-WEST-2.COMPUTE.INTERNAL",nmon,global,"nmon_data","swapcached_PCT","case(isnotnull(swapcached), round(((swapcached/swaptotal)*100),2))","nmon_data : EVAL-swapcached_PCT","EVAL-swapcached_PCT",ADMIN,
"PROD-SH","IP-10-0-1-70.US-WEST-2.COMPUTE.INTERNAL",nmon,global,"nmon_data",thruput,"case(type==""NET"", (value*1000))","nmon_data : EVAL-thruput","EVAL-thruput",ADMIN,
"PROD-SH","IP-10-0-1-70.US-WEST-2.COMPUTE.INTERNAL",nmon,global,"nmon_data","total_ops","case(type=""DGXFER"", value)","nmon_data : EVAL-total_ops","EVAL-total_ops",ADMIN,
"PROD-SH","IP-10-0-1-70.US-WEST-2.COMPUTE.INTERNAL",nmon,global,"nmon_data",uptime,"case(isnotnull(uptime_daysmin) AND isnotnull(uptime_daysmin), ((uptime_days*86400)+(uptime_daysmin*60)),
isnotnull(uptime_days) AND isnotnull(uptime_dayshour) AND isnotnull(uptime_daystime), ((uptime_days*86400)+(uptime_dayshour*3600)+(uptime_daystime*60)),
isnotnull(uptime_minutes), (uptime_minutes*60),
isnotnull(uptime_hours) AND isnotnull(uptime_hours_hours), (uptime_hours_hours*60*60) + (uptime_hours_minutes*60),
isnotnull(uptime_hours), (uptime_hours*60*60),
isnotnull(uptime_days), (uptime_days*86400) )","nmon_data : EVAL-uptime","EVAL-uptime",ADMIN,
"PROD-SH","IP-10-0-1-70.US-WEST-2.COMPUTE.INTERNAL",nmon,global,"nmon_data","uptime_fromdays","(uptime_days*86400)","nmon_data : EVAL-uptime_fromdays","EVAL-uptime_fromdays",ADMIN,
"PROD-SH","IP-10-0-1-70.US-WEST-2.COMPUTE.INTERNAL",nmon,global,"nmon_data","uptime_fromhours","(uptime_hours_hours*60*60) + (uptime_hours_minutes*60)","nmon_data : EVAL-uptime_fromhours","EVAL-uptime_fromhours",ADMIN,
"PROD-SH","IP-10-0-1-70.US-WEST-2.COMPUTE.INTERNAL",nmon,global,"nmon_data","uptime_fromminutes","(uptime_minutes*60)","nmon_data : EVAL-uptime_fromminutes","EVAL-uptime_fromminutes",ADMIN,
"PROD-SH","IP-10-0-1-70.US-WEST-2.COMPUTE.INTERNAL",nmon,global,"nmon_data",user,"case(type==""TOP"", if(isnotnull(username), username, ""undefined""))","nmon_data : EVAL-user","EVAL-user",ADMIN,
"PROD-SH","IP-10-0-1-70.US-WEST-2.COMPUTE.INTERNAL",nmon,global,"nmon_processing","converter_inuse","case(isnotnull(python_version), ""Python"", isnotnull(perl_version), ""Perl"")","nmon_processing : EVAL-converter_inuse","EVAL-converter_inuse",ADMIN,
"PROD-SH","IP-10-0-1-70.US-WEST-2.COMPUTE.INTERNAL",nmon,global,"nmon_processing","interpreter_version","case(isnotnull(python_version), python_version, isnotnull(perl_version), perl_version)","nmon_processing : EVAL-interpreter_version","EVAL-interpreter_version",ADMIN,
"PROD-SH","IP-10-0-1-70.US-WEST-2.COMPUTE.INTERNAL","splunk_app_addon-builder",global,"splunk:aob:monitor:metric","metric_tags","mvjoin('mcollector_tags{}', "","")","splunk:aob:monitor:metric : EVAL-metric_tags","EVAL-metric_tags",SYSTEM,
"PROD-SH","IP-10-0-1-70.US-WEST-2.COMPUTE.INTERNAL","splunk_app_infrastructure",global,"vmware:vclog:vpxd",Object,"coalesce(Object, sub)","vmware:vclog:vpxd : EVAL-Object","EVAL-Object",SYSTEM,
"PROD-SH","IP-10-0-1-70.US-WEST-2.COMPUTE.INTERNAL","splunk_monitoring_console",global,scheduler,status,"case(status==""success"", ""completed"", status==""skipped"", ""skipped"", status==""continued"", ""deferred"")","scheduler : EVAL-status","EVAL-status",SYSTEM,"1577664920.000000"
"PROD-SH","IP-10-0-1-70.US-WEST-2.COMPUTE.INTERNAL","splunk_monitoring_console",global,"splunk_resource_usage","data.search_props.label","if(isnull('data.search_props.label') AND isnotnull('data.search_props.sid'), ""N/A"", 'data.search_props.label')","splunk_resource_usage : EVAL-data.search_props.label","EVAL-data.search_props.label",SYSTEM,"1577664920.000000"
"PROD-SH","IP-10-0-1-70.US-WEST-2.COMPUTE.INTERNAL","splunk_monitoring_console",global,"splunk_resource_usage","data.search_props.provenance","if(isnull('data.search_props.provenance') AND isnotnull('data.search_props.sid'), ""unknown"", 'data.search_props.provenance')","splunk_resource_usage : EVAL-data.search_props.provenance","EVAL-data.search_props.provenance",SYSTEM,"1577664920.000000"
"PROD-SH","IP-10-0-1-70.US-WEST-2.COMPUTE.INTERNAL","splunk_monitoring_console",global,"splunkd_conf",app,"mvindex('data.asset_uri{}', 1)","splunkd_conf : EVAL-app","EVAL-app",SYSTEM,"1577664920.000000"
"PROD-SH","IP-10-0-1-70.US-WEST-2.COMPUTE.INTERNAL","splunk_monitoring_console",global,"splunkd_conf","from_repo","'data.from_repo'","splunkd_conf : EVAL-from_repo","EVAL-from_repo",SYSTEM,"1577664920.000000"
"PROD-SH","IP-10-0-1-70.US-WEST-2.COMPUTE.INTERNAL","splunk_monitoring_console",global,"splunkd_conf","object_name","mvindex('data.asset_uri{}', 3)","splunkd_conf : EVAL-object_name","EVAL-object_name",SYSTEM,"1577664920.000000"
"PROD-SH","IP-10-0-1-70.US-WEST-2.COMPUTE.INTERNAL","splunk_monitoring_console",global,"splunkd_conf","object_type","mvindex('data.asset_uri{}', 2)","splunkd_conf : EVAL-object_type","EVAL-object_type",SYSTEM,"1577664920.000000"
"PROD-SH","IP-10-0-1-70.US-WEST-2.COMPUTE.INTERNAL","splunk_monitoring_console",global,"splunkd_conf","optype_desc","'data.optype_desc'","splunkd_conf : EVAL-optype_desc","EVAL-optype_desc",SYSTEM,"1577664920.000000"
"PROD-SH","IP-10-0-1-70.US-WEST-2.COMPUTE.INTERNAL","splunk_monitoring_console",global,"splunkd_conf",owner,"mvindex('data.asset_uri{}', 0)","splunkd_conf : EVAL-owner","EVAL-owner",SYSTEM,"1577664920.000000"
"PROD-SH","IP-10-0-1-70.US-WEST-2.COMPUTE.INTERNAL","splunk_monitoring_console",global,"splunkd_conf",status,"'data.status'","splunkd_conf : EVAL-status","EVAL-status",SYSTEM,"1577664920.000000"
"PROD-SH","IP-10-0-1-70.US-WEST-2.COMPUTE.INTERNAL","splunk_monitoring_console",global,"splunkd_conf","to_repo","'data.to_repo'","splunkd_conf : EVAL-to_repo","EVAL-to_repo",SYSTEM,"1577664920.000000"
