"Splunk_Role","splunk_server",app,sharing,stanza,title,attribute,transform,overwrite,value,author,type,updated
"PROD-SH","IP-10-0-1-70.US-WEST-2.COMPUTE.INTERNAL","Splunk_SA_CIM",global,audittrail,"audittrail : REPORT-1vendor_object_category-vendor_status_for_splunk_endpoint_change","REPORT-1vendor_object_category-vendor_status_for_splunk_endpoint_change",,,"vendor_object_category-vendor_status-for_splunk_endpoint_change",SYSTEM,"Uses transform",
"PROD-SH","IP-10-0-1-70.US-WEST-2.COMPUTE.INTERNAL","Splunk_SA_CIM",global,audittrail,"audittrail : REPORT-2vendor_object-vendor_object_path_for_splunk_endpoint_change","REPORT-2vendor_object-vendor_object_path_for_splunk_endpoint_change",,,"vendor_object-vendor_object_path-for_splunk_endpoint_change",SYSTEM,"Uses transform",
"PROD-SH","IP-10-0-1-70.US-WEST-2.COMPUTE.INTERNAL","Splunk_SA_CIM",global,audittrail,"audittrail : REPORT-search_for_audittrail","REPORT-search_for_audittrail",,,"search_for_audittrail",SYSTEM,"Uses transform",
"PROD-SH","IP-10-0-1-70.US-WEST-2.COMPUTE.INTERNAL","Splunk_SA_CIM",global,"splunk_web_access","splunk_web_access : REPORT-app-view_for_splunk_web_access","REPORT-app-view_for_splunk_web_access",,,"app-view_for_splunk_web_access",SYSTEM,"Uses transform",
"PROD-SH","IP-10-0-1-70.US-WEST-2.COMPUTE.INTERNAL","Splunk_SA_CIM",global,splunkd,"splunkd : REPORT-signature_for_sendmodalert","REPORT-signature_for_sendmodalert",,,"signature_for_sendmodalert",SYSTEM,"Uses transform",
"PROD-SH","IP-10-0-1-70.US-WEST-2.COMPUTE.INTERNAL","Splunk_TA_linux",global,"linux:audit","linux:audit : REPORT-event_id","REPORT-event_id",,,"event_id",SYSTEM,"Uses transform",
"PROD-SH","IP-10-0-1-70.US-WEST-2.COMPUTE.INTERNAL","Splunk_TA_linux",global,"linux:audit","linux:audit : REPORT-object","REPORT-object",,,object,SYSTEM,"Uses transform",
"PROD-SH","IP-10-0-1-70.US-WEST-2.COMPUTE.INTERNAL","Splunk_TA_linux",global,"linux:audit","linux:audit : REPORT-op","REPORT-op",,,op,SYSTEM,"Uses transform",
"PROD-SH","IP-10-0-1-70.US-WEST-2.COMPUTE.INTERNAL","Splunk_TA_linux",global,"linux:audit","linux:audit : REPORT-subject","REPORT-subject",,,subject,SYSTEM,"Uses transform",
"PROD-SH","IP-10-0-1-70.US-WEST-2.COMPUTE.INTERNAL","Splunk_TA_linux",global,"linux:collectd:graphite","linux:collectd:graphite : EXTRACT-KVFORLINUX","EXTRACT-KVFORLINUX",,,"^[^\.]+[^\.\n]*\.[^\.]+\.(?<_KEY_1>\S+)\s+(?<_VAL_1>\S+)",SYSTEM,Inline,
"PROD-SH","IP-10-0-1-70.US-WEST-2.COMPUTE.INTERNAL","Splunk_TA_linux",global,"linux:collectd:graphite","linux:collectd:graphite : EXTRACT-collectd_data","EXTRACT-collectd_data",,,"^(?<collectd_host>[^.\s]+)\.(?<object>[^.\s]+)\.(?P<metric>\S+)\s+(?P<value>\S+)\s+(?<timestamp>\S+)",SYSTEM,Inline,
"PROD-SH","IP-10-0-1-70.US-WEST-2.COMPUTE.INTERNAL","Splunk_TA_linux",global,"linux:collectd:graphite","linux:collectd:graphite : EXTRACT-metric_type","EXTRACT-metric_type",,,"(?<type>[^\-\.]\w+)-*(?<type_instance>[^\.]\w+)?\.* in metric",SYSTEM,Inline,
"PROD-SH","IP-10-0-1-70.US-WEST-2.COMPUTE.INTERNAL","Splunk_TA_linux",global,"linux:collectd:graphite","linux:collectd:graphite : EXTRACT-plugin_info","EXTRACT-plugin_info",,,"(?<linux_collectd_plugin>[^\-]\w+)-*(?<plugin_instance>.*) in object",SYSTEM,Inline,
"PROD-SH","IP-10-0-1-70.US-WEST-2.COMPUTE.INTERNAL","Splunk_TA_linux",global,"linux:collectd:http:json","linux:collectd:http:json : EXTRACT-linux_collectd_host","EXTRACT-linux_collectd_host",,,"\s*""host"":\s*(?:""|)(?<collectd_host>[^""]*)(?:""|)",SYSTEM,Inline,
"PROD-SH","IP-10-0-1-70.US-WEST-2.COMPUTE.INTERNAL","Splunk_TA_linux",global,"linux:collectd:http:json","linux:collectd:http:json : EXTRACT-linux_collectd_http_plugin","EXTRACT-linux_collectd_http_plugin",,,"""plugin"":\s*(?:""|)(?<linux_collectd_plugin>[^""]+)(?:""|),\s*""plugin_instance"":",SYSTEM,Inline,
"PROD-SH","IP-10-0-1-70.US-WEST-2.COMPUTE.INTERNAL","Splunk_TA_nix",global,"aix_secure","aix_secure : REPORT-0authentication_for_aix_secure","REPORT-0authentication_for_aix_secure",,,"ssh-login-events, ssh-session-close, ssh-disconnect, sshd_authentication_kerberos_success, sshd_authentication_refused, sshd_authentication_tried, sshd_login_restricted, pam_unix_authentication_success, pam_unix_authentication_failure, sudo_cannot_identify, ksu_authentication, ksu_authorization, su_simple, su_authentication, su_successful, wksh_authentication, login_authentication",SYSTEM,"Uses transform",
"PROD-SH","IP-10-0-1-70.US-WEST-2.COMPUTE.INTERNAL","Splunk_TA_nix",global,"aix_secure","aix_secure : REPORT-dest_for_aix_secure","REPORT-dest_for_aix_secure",,,"host_as_dest",SYSTEM,"Uses transform",
"PROD-SH","IP-10-0-1-70.US-WEST-2.COMPUTE.INTERNAL","Splunk_TA_nix",global,"aix_secure","aix_secure : REPORT-signature_for_aix_secure_timesync","REPORT-signature_for_aix_secure_timesync",,,"signature_for_nix_timesync",SYSTEM,"Uses transform",
"PROD-SH","IP-10-0-1-70.US-WEST-2.COMPUTE.INTERNAL","Splunk_TA_nix",global,"aix_secure","aix_secure : REPORT-src_for_aix_secure","REPORT-src_for_aix_secure",,,"src_dns_as_src, src_ip_as_src, host_as_src",SYSTEM,"Uses transform",
"PROD-SH","IP-10-0-1-70.US-WEST-2.COMPUTE.INTERNAL","Splunk_TA_nix",global,"bash_history","bash_history : REPORT-bhist","REPORT-bhist",,,"bash_user,bash_user_root",SYSTEM,"Uses transform",
"PROD-SH","IP-10-0-1-70.US-WEST-2.COMPUTE.INTERNAL","Splunk_TA_nix",global,dhcpd,"dhcpd : REPORT-0dest_x_for_dhcpd","REPORT-0dest_x_for_dhcpd",,,"dest_kv_for_dhcpd_ack, dest_kv_for_dhcpd_ack2, dest_kv_for_dhcpd_discover, dest_kv_for_dhcpd_inform, dest_kv_for_dhcpd_nak, dest_kv_for_dhcpd_offer, dest_kv_for_dhcpd_request",SYSTEM,"Uses transform",
"PROD-SH","IP-10-0-1-70.US-WEST-2.COMPUTE.INTERNAL","Splunk_TA_nix",global,dhcpd,"dhcpd : REPORT-dest_for_dhcpd","REPORT-dest_for_dhcpd",,,"dest_nt_host_as_dest,dest_mac_as_dest,dest_ip_as_dest",SYSTEM,"Uses transform",
"PROD-SH","IP-10-0-1-70.US-WEST-2.COMPUTE.INTERNAL","Splunk_TA_nix",global,dhcpd,"dhcpd : REPORT-dvc_for_dhcpd","REPORT-dvc_for_dhcpd",,,"dvc_for_dhcpd",SYSTEM,"Uses transform",
"PROD-SH","IP-10-0-1-70.US-WEST-2.COMPUTE.INTERNAL","Splunk_TA_nix",global,dhcpd,"dhcpd : REPORT-signature_for_dhcpd","REPORT-signature_for_dhcpd",,,"signature_for_dhcpd",SYSTEM,"Uses transform",
"PROD-SH","IP-10-0-1-70.US-WEST-2.COMPUTE.INTERNAL","Splunk_TA_nix",global,"fs_notification","fs_notification : REPORT-object_object_path_for_fs_notification","REPORT-object_object_path_for_fs_notification",,,"object_object_path_for_fs_notification",SYSTEM,"Uses transform",
"PROD-SH","IP-10-0-1-70.US-WEST-2.COMPUTE.INTERNAL","Splunk_TA_nix",global,"fs_notification","fs_notification : REPORT-vendor_object_category_for_fs_notification","REPORT-vendor_object_category_for_fs_notification",,,"vendor_object_category_for_fs_notification",SYSTEM,"Uses transform",
"PROD-SH","IP-10-0-1-70.US-WEST-2.COMPUTE.INTERNAL","Splunk_TA_nix",global,hardware,"hardware : EXTRACT-RealMemory","EXTRACT-RealMemory",,,"(?i)MEMORY_REAL\s+(?P<RealMemory>[^ ]*)[ ]?",SYSTEM,Inline,
"PROD-SH","IP-10-0-1-70.US-WEST-2.COMPUTE.INTERNAL","Splunk_TA_nix",global,hardware,"hardware : EXTRACT-SwapMemory","EXTRACT-SwapMemory",,,"(?i)MEMORY_SWAP\s+(?P<SwapMemory>[^ ]*)[ ]?",SYSTEM,Inline,
"PROD-SH","IP-10-0-1-70.US-WEST-2.COMPUTE.INTERNAL","Splunk_TA_nix",global,hardware,"hardware : EXTRACT-Unit","EXTRACT-Unit",,,"(?i)MEMORY_REAL\s+\d+\s+(?P<Unit>\w+)?",SYSTEM,Inline,
"PROD-SH","IP-10-0-1-70.US-WEST-2.COMPUTE.INTERNAL","Splunk_TA_nix",global,hardware,"hardware : EXTRACT-cpu_cores","EXTRACT-cpu_cores",,,"(?i)CPU_COUNT\s+(?P<cpu_cores>[^ \n]*)?",SYSTEM,Inline,
"PROD-SH","IP-10-0-1-70.US-WEST-2.COMPUTE.INTERNAL","Splunk_TA_nix",global,hardware,"hardware : EXTRACT-cpu_type","EXTRACT-cpu_type",,,"(?i)CPU_TYPE\s+(?P<cpu_type>[^\n]*)?",SYSTEM,Inline,
"PROD-SH","IP-10-0-1-70.US-WEST-2.COMPUTE.INTERNAL","Splunk_TA_nix",global,"linux_secure","linux_secure : REPORT-0authentication_for_linux_secure","REPORT-0authentication_for_linux_secure",,,"ssh-login-events, ssh-session-close, ssh-disconnect, sshd_authentication_kerberos_success, sshd_authentication_refused, sshd_authentication_tried, sshd_login_restricted, pam_unix_authentication_success, pam_unix_authentication_failure, sudo_cannot_identify, ksu_authentication, ksu_authorization, su_simple, su_authentication, su_successful, wksh_authentication, login_authentication, ftpd_authentication",SYSTEM,"Uses transform",
"PROD-SH","IP-10-0-1-70.US-WEST-2.COMPUTE.INTERNAL","Splunk_TA_nix",global,"linux_secure","linux_secure : REPORT-account_management_for_linux_secure","REPORT-account_management_for_linux_secure",,,"useradd, userdel",SYSTEM,"Uses transform",
"PROD-SH","IP-10-0-1-70.US-WEST-2.COMPUTE.INTERNAL","Splunk_TA_nix",global,"linux_secure","linux_secure : REPORT-dest_for_linux_secure","REPORT-dest_for_linux_secure",,,"host_as_dest",SYSTEM,"Uses transform",
"PROD-SH","IP-10-0-1-70.US-WEST-2.COMPUTE.INTERNAL","Splunk_TA_nix",global,"linux_secure","linux_secure : REPORT-firewall","REPORT-firewall",,,"ipfw, ipfw-stealth, ipfw-icmp, pf",SYSTEM,"Uses transform",
"PROD-SH","IP-10-0-1-70.US-WEST-2.COMPUTE.INTERNAL","Splunk_TA_nix",global,"linux_secure","linux_secure : REPORT-routing","REPORT-routing",,,iptables,SYSTEM,"Uses transform",
"PROD-SH","IP-10-0-1-70.US-WEST-2.COMPUTE.INTERNAL","Splunk_TA_nix",global,"linux_secure","linux_secure : REPORT-signature_for_linux_secure_timesync","REPORT-signature_for_linux_secure_timesync",,,"signature_for_nix_timesync",SYSTEM,"Uses transform",
"PROD-SH","IP-10-0-1-70.US-WEST-2.COMPUTE.INTERNAL","Splunk_TA_nix",global,"linux_secure","linux_secure : REPORT-src_for_linux_secure","REPORT-src_for_linux_secure",,,"src_dns_as_src, src_ip_as_src, host_as_src",SYSTEM,"Uses transform",
"PROD-SH","IP-10-0-1-70.US-WEST-2.COMPUTE.INTERNAL","Splunk_TA_nix",global,openPorts,"openPorts : REPORT-fields_for_open_ports_sh","REPORT-fields_for_open_ports_sh",,,"fields_for_open_ports_sh",SYSTEM,"Uses transform",
"PROD-SH","IP-10-0-1-70.US-WEST-2.COMPUTE.INTERNAL","Splunk_TA_nix",global,"osx_secure","osx_secure : REPORT-0authentication_for_osx_secure","REPORT-0authentication_for_osx_secure",,,"ssh-login-events, ssh-session-close, ssh-disconnect, sshd_authentication_kerberos_success, sshd_authentication_refused, sshd_authentication_tried, sshd_login_restricted, pam_unix_authentication_success, pam_unix_authentication_failure, sudo_cannot_identify, ksu_authentication, ksu_authorization, su_simple, su_authentication, su_successful, wksh_authentication, login_authentication",SYSTEM,"Uses transform",
"PROD-SH","IP-10-0-1-70.US-WEST-2.COMPUTE.INTERNAL","Splunk_TA_nix",global,"osx_secure","osx_secure : REPORT-account_management_for_osx_secure","REPORT-account_management_for_osx_secure",,,"useradd, userdel",SYSTEM,"Uses transform",
"PROD-SH","IP-10-0-1-70.US-WEST-2.COMPUTE.INTERNAL","Splunk_TA_nix",global,"osx_secure","osx_secure : REPORT-dest_for_osx_secure","REPORT-dest_for_osx_secure",,,"host_as_dest",SYSTEM,"Uses transform",
"PROD-SH","IP-10-0-1-70.US-WEST-2.COMPUTE.INTERNAL","Splunk_TA_nix",global,"osx_secure","osx_secure : REPORT-firewall_for_osx_secure","REPORT-firewall_for_osx_secure",,,"ipfw, ipfw-stealth, ipfw-icmp, pf",SYSTEM,"Uses transform",
"PROD-SH","IP-10-0-1-70.US-WEST-2.COMPUTE.INTERNAL","Splunk_TA_nix",global,"osx_secure","osx_secure : REPORT-routing_for_osx_secure","REPORT-routing_for_osx_secure",,,iptables,SYSTEM,"Uses transform",
"PROD-SH","IP-10-0-1-70.US-WEST-2.COMPUTE.INTERNAL","Splunk_TA_nix",global,"osx_secure","osx_secure : REPORT-signature_for_osx_secure_timesync","REPORT-signature_for_osx_secure_timesync",,,"signature_for_nix_timesync",SYSTEM,"Uses transform",
"PROD-SH","IP-10-0-1-70.US-WEST-2.COMPUTE.INTERNAL","Splunk_TA_nix",global,"osx_secure","osx_secure : REPORT-src_for_osx_secure","REPORT-src_for_osx_secure",,,"src_dns_as_src, src_ip_as_src, host_as_src",SYSTEM,"Uses transform",
"PROD-SH","IP-10-0-1-70.US-WEST-2.COMPUTE.INTERNAL","Splunk_TA_nix",global,syslog,"syslog : REPORT-0authentication_for_syslog","REPORT-0authentication_for_syslog",,,"ssh-login-events, ssh-session-close, ssh-disconnect, sshd_authentication_kerberos_success, sshd_authentication_refused, sshd_authentication_tried, sshd_login_restricted, pam_unix_authentication_success, pam_unix_authentication_failure, sudo_cannot_identify, ksu_authentication, ksu_authorization, su_simple, su_authentication, su_successful, wksh_authentication, login_authentication",SYSTEM,"Uses transform",
"PROD-SH","IP-10-0-1-70.US-WEST-2.COMPUTE.INTERNAL","Splunk_TA_nix",global,syslog,"syslog : REPORT-account_management_for_syslog","REPORT-account_management_for_syslog",,,"useradd, userdel",SYSTEM,"Uses transform",
"PROD-SH","IP-10-0-1-70.US-WEST-2.COMPUTE.INTERNAL","Splunk_TA_nix",global,syslog,"syslog : REPORT-dest_for_syslog","REPORT-dest_for_syslog",,,"host_as_dest",SYSTEM,"Uses transform",
"PROD-SH","IP-10-0-1-70.US-WEST-2.COMPUTE.INTERNAL","Splunk_TA_nix",global,syslog,"syslog : REPORT-firewall","REPORT-firewall",,,"ipfw, ipfw-stealth, ipfw-icmp, pf",SYSTEM,"Uses transform",
"PROD-SH","IP-10-0-1-70.US-WEST-2.COMPUTE.INTERNAL","Splunk_TA_nix",global,syslog,"syslog : REPORT-routing","REPORT-routing",,,iptables,SYSTEM,"Uses transform",
"PROD-SH","IP-10-0-1-70.US-WEST-2.COMPUTE.INTERNAL","Splunk_TA_nix",global,syslog,"syslog : REPORT-signature_for_syslog_timesync","REPORT-signature_for_syslog_timesync",,,"signature_for_nix_timesync",SYSTEM,"Uses transform",
"PROD-SH","IP-10-0-1-70.US-WEST-2.COMPUTE.INTERNAL","Splunk_TA_nix",global,syslog,"syslog : REPORT-src_for_syslog","REPORT-src_for_syslog",,,"src_dns_as_src, src_ip_as_src, host_as_src",SYSTEM,"Uses transform",
"PROD-SH","IP-10-0-1-70.US-WEST-2.COMPUTE.INTERNAL","Splunk_TA_nix",global,vmstat,"vmstat : REPORT-0kv_for_vmstat","REPORT-0kv_for_vmstat",,,"fields_for_vmstat_sh,vmstat_linux,vmstat_osx",SYSTEM,"Uses transform",
"PROD-SH","IP-10-0-1-70.US-WEST-2.COMPUTE.INTERNAL","Splunk_TA_stream",global,"source::stream:*","source::stream:* : REPORT-dest_for_stream","REPORT-dest_for_stream",,,"stream_dest_ip_as_dest,stream_dest_name_as_dest,stream_dest_mac_as_dest",SYSTEM,"Uses transform",
"PROD-SH","IP-10-0-1-70.US-WEST-2.COMPUTE.INTERNAL","Splunk_TA_stream",global,"source::stream:*","source::stream:* : REPORT-src_for_stream","REPORT-src_for_stream",,,"stream_src_ip_as_src,stream_src_name_as_src,stream_src_mac_as_src",SYSTEM,"Uses transform",
"PROD-SH","IP-10-0-1-70.US-WEST-2.COMPUTE.INTERNAL","Splunk_TA_stream",global,"stream:mysql","stream:mysql : REPORT-extract_object_for_stream_db","REPORT-extract_object_for_stream_db",,,"object_from_select_query,object_from_update_query,object_from_insert_query,object_from_delete_query,object_from_create_table_query,object_from_drop_table_query,object_from_truncate_query",SYSTEM,"Uses transform",
"PROD-SH","IP-10-0-1-70.US-WEST-2.COMPUTE.INTERNAL","Splunk_TA_stream",global,"stream:postgres","stream:postgres : REPORT-extract_object_for_stream_db","REPORT-extract_object_for_stream_db",,,"object_from_select_query,object_from_update_query,object_from_insert_query,object_from_delete_query,object_from_create_table_query,object_from_drop_table_query,object_from_truncate_query",SYSTEM,"Uses transform",
"PROD-SH","IP-10-0-1-70.US-WEST-2.COMPUTE.INTERNAL","Splunk_TA_stream",global,"stream:tcp","stream:tcp : REPORT-ssl_issuer_subs_for_stream","REPORT-ssl_issuer_subs_for_stream",,,"ssl_issuer_common_name,ssl_issuer_country,ssl_issuer_email,ssl_issuer_locality,ssl_issuer_organization,ssl_issuer_state,ssl_issuer_street,ssl_issuer_unit",SYSTEM,"Uses transform",
"PROD-SH","IP-10-0-1-70.US-WEST-2.COMPUTE.INTERNAL","Splunk_TA_stream",global,"stream:tcp","stream:tcp : REPORT-ssl_subject_subs_for_stream","REPORT-ssl_subject_subs_for_stream",,,"ssl_subject_common_name,ssl_subject_country,ssl_subject_email,ssl_subject_locality,ssl_subject_organization,ssl_subject_state,ssl_subject_street,ssl_subject_unit",SYSTEM,"Uses transform",
"PROD-SH","IP-10-0-1-70.US-WEST-2.COMPUTE.INTERNAL","Splunk_TA_stream",global,"stream:tds","stream:tds : REPORT-extract_object_for_stream_db","REPORT-extract_object_for_stream_db",,,"object_from_select_query,object_from_update_query,object_from_insert_query,object_from_delete_query,object_from_create_table_query,object_from_drop_table_query,object_from_truncate_query",SYSTEM,"Uses transform",
"PROD-SH","IP-10-0-1-70.US-WEST-2.COMPUTE.INTERNAL","Splunk_TA_stream",global,"stream:tns","stream:tns : REPORT-extract_object_for_stream_db","REPORT-extract_object_for_stream_db",,,"object_from_select_query,object_from_update_query,object_from_insert_query,object_from_delete_query,object_from_create_table_query,object_from_drop_table_query,object_from_truncate_query",SYSTEM,"Uses transform",
"PROD-SH","IP-10-0-1-70.US-WEST-2.COMPUTE.INTERNAL",nmon,global,"nmon_config","nmon_config : EXTRACT-AAA_OS","EXTRACT-AAA_OS",,,"(?i),OS,(?P<AAA_OS>[^,]+)\s{0,}",ADMIN,Inline,
"PROD-SH","IP-10-0-1-70.US-WEST-2.COMPUTE.INTERNAL",nmon,global,"nmon_config","nmon_config : EXTRACT-AAA_serial","EXTRACT-AAA_serial",,,"AAA,SerialNumber,(?<AAA_serial>\w*)",ADMIN,Inline,
"PROD-SH","IP-10-0-1-70.US-WEST-2.COMPUTE.INTERNAL",nmon,global,"nmon_config","nmon_config : EXTRACT-AIX_LEVEL","EXTRACT-AIX_LEVEL",,,"AAA,AIX,(?P<AIX_LEVEL>[a-zA-Z0-9\-\_\.]+)\s",ADMIN,Inline,
"PROD-SH","IP-10-0-1-70.US-WEST-2.COMPUTE.INTERNAL",nmon,global,"nmon_config","nmon_config : EXTRACT-AIX_processor","EXTRACT-AIX_processor",,,"BBB\w*,[0-9]*,lsconf,\""Processor\s*Type:\s*(?P<AIX_processor>[^\""]*)\""",ADMIN,Inline,
"PROD-SH","IP-10-0-1-70.US-WEST-2.COMPUTE.INTERNAL",nmon,global,"nmon_config","nmon_config : EXTRACT-AIX_processor_clockspeed","EXTRACT-AIX_processor_clockspeed",,,"BBBP,[^,]+,lsconf,""Processor\sClock\sSpeed:\s*(?<AIX_processor_clockspeed>[\d\.]*)\sMHz",ADMIN,Inline,
"PROD-SH","IP-10-0-1-70.US-WEST-2.COMPUTE.INTERNAL",nmon,global,"nmon_config","nmon_config : EXTRACT-AIX_processor_type","EXTRACT-AIX_processor_type",,,"BBB\w*,[^,]+,lsconf,\""Processor\sType:\s(?<AIX_processor_type>\w*)\""",ADMIN,Inline,
"PROD-SH","IP-10-0-1-70.US-WEST-2.COMPUTE.INTERNAL",nmon,global,"nmon_config","nmon_config : EXTRACT-AIX_realmemory_lsconf_MB","EXTRACT-AIX_realmemory_lsconf_MB",,,"BBB\w*,[^,]*,lsconf,\""Memory\s*Size:\s*(?<AIX_realmemory_lsconf_MB>\d*)\s*MB\""",ADMIN,Inline,
"PROD-SH","IP-10-0-1-70.US-WEST-2.COMPUTE.INTERNAL",nmon,global,"nmon_config","nmon_config : EXTRACT-AIX_realmemory_online_MB","EXTRACT-AIX_realmemory_online_MB",,,"BBB\w*,[^,]*,online\s*Memory,(?<AIX_realmemory_online_MB>\d*)",ADMIN,Inline,
"PROD-SH","IP-10-0-1-70.US-WEST-2.COMPUTE.INTERNAL",nmon,global,"nmon_config","nmon_config : EXTRACT-AIX_virtualcpus","EXTRACT-AIX_virtualcpus",,,"BBB\w*,[^,]+,lparstat\s-i,\""Online\sVirtual\sCPUs\s*:\s*(?<AIX_virtualcpus>\d*)\""",ADMIN,Inline,
"PROD-SH","IP-10-0-1-70.US-WEST-2.COMPUTE.INTERNAL",nmon,global,"nmon_config","nmon_config : EXTRACT-Linux_LEVEL","EXTRACT-Linux_LEVEL",,,"AAA,OS,Linux,(?P<Linux_LEVEL>[^,]+),",ADMIN,Inline,
"PROD-SH","IP-10-0-1-70.US-WEST-2.COMPUTE.INTERNAL",nmon,global,"nmon_config","nmon_config : EXTRACT-Linux_arch","EXTRACT-Linux_arch",,,"BBB\w*,[0-9]*,lscpu,\""(Architecture)\s*:\s+(?P<Linux_arch>[^\""]*)\""",ADMIN,Inline,
"PROD-SH","IP-10-0-1-70.US-WEST-2.COMPUTE.INTERNAL",nmon,global,"nmon_config","nmon_config : EXTRACT-Linux_lsb_distribution","EXTRACT-Linux_lsb_distribution",,,"BBB\w*,[^,]*,lsb_release,\""Description:\s*(?<Linux_lsb_distribution>[^,]*)\""",ADMIN,Inline,
"PROD-SH","IP-10-0-1-70.US-WEST-2.COMPUTE.INTERNAL",nmon,global,"nmon_config","nmon_config : EXTRACT-Linux_processor_clockspeed_1","EXTRACT-Linux_processor_clockspeed_1",,,"AAA,[^,]+,MHz,(?P<Linux_processor_clockspeed_1>[\d\.]*)",ADMIN,Inline,
"PROD-SH","IP-10-0-1-70.US-WEST-2.COMPUTE.INTERNAL",nmon,global,"nmon_config","nmon_config : EXTRACT-Linux_processor_clockspeed_2","EXTRACT-Linux_processor_clockspeed_2",,,"BBB\w*,[^,]+,/proc/cpuinfo,\""cpu\s*MHz\s*:\s*(?<Linux_processor_clockspeed_2>[\d\.]*)\""",ADMIN,Inline,
"PROD-SH","IP-10-0-1-70.US-WEST-2.COMPUTE.INTERNAL",nmon,global,"nmon_config","nmon_config : EXTRACT-Linux_processor_clockspeed_3","EXTRACT-Linux_processor_clockspeed_3",,,"BBB\w*,[^,]+,/proc/cpuinfo,\""clock\s{0,}:\s{0,}(?<Linux_processor_clockspeed_3>[\d|\.]*)\s{0,}MHz\""",ADMIN,Inline,
"PROD-SH","IP-10-0-1-70.US-WEST-2.COMPUTE.INTERNAL",nmon,global,"nmon_config","nmon_config : EXTRACT-Linux_processor_cpuinfo","EXTRACT-Linux_processor_cpuinfo",,,"BBB\w*,[0-9].*cpuinfo,\""(model\sname)\s*:\s*(?P<Linux_processor_cpuinfo>[^\""]*)\""",ADMIN,Inline,
"PROD-SH","IP-10-0-1-70.US-WEST-2.COMPUTE.INTERNAL",nmon,global,"nmon_config","nmon_config : EXTRACT-Linux_processor_lscpu","EXTRACT-Linux_processor_lscpu",,,"BBB\w*,[0-9]*,lscpu,\""(Model\sname|Model|Vendor\sID)\s*:\s*(?P<Linux_processor_lscpu>[^\""]*)\""",ADMIN,Inline,
"PROD-SH","IP-10-0-1-70.US-WEST-2.COMPUTE.INTERNAL",nmon,global,"nmon_config","nmon_config : EXTRACT-Linux_processor_type","EXTRACT-Linux_processor_type",,,"AAA,OS,Linux,[^,]+,[^,]+,(?<Linux_processor_type>\w*)",ADMIN,Inline,
"PROD-SH","IP-10-0-1-70.US-WEST-2.COMPUTE.INTERNAL",nmon,global,"nmon_config","nmon_config : EXTRACT-Linux_realmemory_KB","EXTRACT-Linux_realmemory_KB",,,"BBB\w*,[^,]*,/proc/meminfo,\""MemTotal:\s*(?<Linux_realmemory_KB>\d*)\s*kB\""",ADMIN,Inline,
"PROD-SH","IP-10-0-1-70.US-WEST-2.COMPUTE.INTERNAL",nmon,global,"nmon_config","nmon_config : EXTRACT-Linux_release_distribution","EXTRACT-Linux_release_distribution",,,"BBB\w*,[^,]*,.+etc+.release,\""(?!LSB_VERSION|DISTRIB|NAME|ID|VERSION)(?P<Linux_release_distribution>[^,]+)\""",ADMIN,Inline,
"PROD-SH","IP-10-0-1-70.US-WEST-2.COMPUTE.INTERNAL",nmon,global,"nmon_config","nmon_config : EXTRACT-Linux_swapmemory_KB","EXTRACT-Linux_swapmemory_KB",,,"BBB\w*,[^,]*,/proc/meminfo,\""SwapTotal:\s*(?<Linux_swapmemory_KB>\d*)\s*kB\""",ADMIN,Inline,
"PROD-SH","IP-10-0-1-70.US-WEST-2.COMPUTE.INTERNAL",nmon,global,"nmon_config","nmon_config : EXTRACT-Solaris_LEVEL","EXTRACT-Solaris_LEVEL",,,"AAA,OS,Solaris,(?P<Solaris_LEVEL>[^,]+),",ADMIN,Inline,
"PROD-SH","IP-10-0-1-70.US-WEST-2.COMPUTE.INTERNAL",nmon,global,"nmon_config","nmon_config : EXTRACT-Solaris_processor_alt","EXTRACT-Solaris_processor_alt",,,"BBB.+,[0-9].+prtdiag,\""0\s*(?<Solaris_processor_clock_alt>[\d|\.]*\s*\w*)\s*(?P<Solaris_processor_alt>[\w|-]*)\s*",ADMIN,Inline,
"PROD-SH","IP-10-0-1-70.US-WEST-2.COMPUTE.INTERNAL",nmon,global,"nmon_config","nmon_config : EXTRACT-Solaris_processor_clockspeed","EXTRACT-Solaris_processor_clockspeed",,,"BBB.+,[0-9].+psrinfo\s\-pv,.+clock\s(?P<Solaris_processor_clockspeed>[\d\.]*)\s*\w*\)\""",ADMIN,Inline,
"PROD-SH","IP-10-0-1-70.US-WEST-2.COMPUTE.INTERNAL",nmon,global,"nmon_config","nmon_config : EXTRACT-Solaris_processor_primary","EXTRACT-Solaris_processor_primary",,,"BBB.+,[0-9].+psrinfo\s\-pv,\""\s+(?P<Solaris_processor_primary>.+)\s*\(.+clock.+\""",ADMIN,Inline,
"PROD-SH","IP-10-0-1-70.US-WEST-2.COMPUTE.INTERNAL",nmon,global,"nmon_config","nmon_config : EXTRACT-Solaris_processor_type","EXTRACT-Solaris_processor_type",,,"BBB.+,[0-9].+psrinfo\s\-pv,\""\s+(?P<Solaris_processor_type>[\w\-\_]*)\s*\(.+\""",ADMIN,Inline,
"PROD-SH","IP-10-0-1-70.US-WEST-2.COMPUTE.INTERNAL",nmon,global,"nmon_config","nmon_config : EXTRACT-Solaris_realmemory_KB","EXTRACT-Solaris_realmemory_KB",,,"BBB\w*,[^,]*,prtdiag,\""Memory\s*size:\s*(?<Solaris_realmemory_MB>\d*)\sMegabytes\""",ADMIN,Inline,
"PROD-SH","IP-10-0-1-70.US-WEST-2.COMPUTE.INTERNAL",nmon,global,"nmon_config","nmon_config : EXTRACT-Solaris_version","EXTRACT-Solaris_version",,,"BBB\w*,[^,]*,.+etc+.release,\""\s+(?P<Solaris_version>Oracle\s*Solaris\s[^\""]*)\""",ADMIN,Inline,
"PROD-SH","IP-10-0-1-70.US-WEST-2.COMPUTE.INTERNAL",nmon,global,"nmon_config","nmon_config : EXTRACT-cpu_cores_position1","EXTRACT-cpu_cores_position1",,,"AAA,cpus,(?P<cpu_cores_position1>\d+)",ADMIN,Inline,
"PROD-SH","IP-10-0-1-70.US-WEST-2.COMPUTE.INTERNAL",nmon,global,"nmon_config","nmon_config : EXTRACT-cpu_cores_position2","EXTRACT-cpu_cores_position2",,,"AAA,cpus,\d+,(?P<cpu_cores_position2>\d+)",ADMIN,Inline,
"PROD-SH","IP-10-0-1-70.US-WEST-2.COMPUTE.INTERNAL",nmon,global,"nmon_config","nmon_config : EXTRACT-hostname","EXTRACT-hostname",,,"(?i)AAA,host,(?P<hostname>[a-zA-Z0-9\-\_\.]+)\s",ADMIN,Inline,
"PROD-SH","IP-10-0-1-70.US-WEST-2.COMPUTE.INTERNAL",nmon,global,"nmon_config","nmon_config : EXTRACT-uptime_days","EXTRACT-uptime_days",,,"\s{0,}[\d|\w|:]*[\s|_]*up[\s|_]*(?<uptime_days>\d*)[\s|_]*day[s|,|;]*[\s|_]*(?<uptime_dayshour>\d*):(?<uptime_daystime>\d*)",ADMIN,Inline,
"PROD-SH","IP-10-0-1-70.US-WEST-2.COMPUTE.INTERNAL",nmon,global,"nmon_config","nmon_config : EXTRACT-uptime_days_only_alt","EXTRACT-uptime_days_only_alt",,,"\s*\d\d:\d\d(?:s|AM|PM)\s*up\s*(?<uptime_days>\d*)\s*day",ADMIN,Inline,
"PROD-SH","IP-10-0-1-70.US-WEST-2.COMPUTE.INTERNAL",nmon,global,"nmon_config","nmon_config : EXTRACT-uptime_days_with_min","EXTRACT-uptime_days_with_min",,,"\s{0,}[\d|\w|:]*[\s|_]*up[\s|_]*(?<uptime_days>\d*)[\s|_]*day[s|,|;]*[\s|_]*(?<uptime_daysmin>\d*)[\s|_]min",ADMIN,Inline,
"PROD-SH","IP-10-0-1-70.US-WEST-2.COMPUTE.INTERNAL",nmon,global,"nmon_config","nmon_config : EXTRACT-uptime_days_with_min_alt","EXTRACT-uptime_days_with_min_alt",,,"\s{0,}\d\d:\d\d(?:s|AM|PM)\s{0,}up\s{0,}(?<uptime_days>\d*)\s*(?:s|day)(?:s|days);\s{0,}(?<uptime_daysmin>\d*)\s{0,}(?:s|hr)(?:s|hrs)",ADMIN,Inline,
"PROD-SH","IP-10-0-1-70.US-WEST-2.COMPUTE.INTERNAL",nmon,global,"nmon_config","nmon_config : EXTRACT-uptime_hours","EXTRACT-uptime_hours",,,"\s{0,}[\d|\w|:]*[\s|_]*up[\s|_]*(?<uptime_hours>\d*:\d*)[\s|_]*[,|;]",ADMIN,Inline,
"PROD-SH","IP-10-0-1-70.US-WEST-2.COMPUTE.INTERNAL",nmon,global,"nmon_config","nmon_config : EXTRACT-uptime_hours_alt","EXTRACT-uptime_hours_alt",,,"\s*\d\d:\d\d(?:s|AM|PM)\s*up\s*(?<uptime_hours>\d*)\s*hr",ADMIN,Inline,
"PROD-SH","IP-10-0-1-70.US-WEST-2.COMPUTE.INTERNAL",nmon,global,"nmon_config","nmon_config : EXTRACT-uptime_hours_hours","EXTRACT-uptime_hours_hours",,,"\s{0,}[\d|\w|:]*[\s|_]*up[\s|_]*(?<uptime_hours_hours>\d*):\d*[\s|_]*[,|;]",ADMIN,Inline,
"PROD-SH","IP-10-0-1-70.US-WEST-2.COMPUTE.INTERNAL",nmon,global,"nmon_config","nmon_config : EXTRACT-uptime_hours_minutes","EXTRACT-uptime_hours_minutes",,,"\s{0,}[\d|\w|:]*[\s|_]*up[\s|_]*\d*:(?<uptime_hours_minutes>\d*)[\s|_]*[,|;]",ADMIN,Inline,
"PROD-SH","IP-10-0-1-70.US-WEST-2.COMPUTE.INTERNAL",nmon,global,"nmon_config","nmon_config : EXTRACT-uptime_minutes","EXTRACT-uptime_minutes",,,"\s{0,}[\d|\w|:]*[\s|_]*up[\s|_]*(?<uptime_minutes>\d*)[\s|_]*min[\s|_]*[,|;]",ADMIN,Inline,
"PROD-SH","IP-10-0-1-70.US-WEST-2.COMPUTE.INTERNAL",nmon,global,"nmon_config","nmon_config : EXTRACT-uptime_minutes_alt","EXTRACT-uptime_minutes_alt",,,"\s*\d\d:\d\d(?:s|AM|PM)\s*up\s*(?<uptime_minutes>\d*)\s*(?:s|min)(?:s|mins)",ADMIN,Inline,
"PROD-SH","IP-10-0-1-70.US-WEST-2.COMPUTE.INTERNAL",nmon,global,"nmon_config","nmon_config : REPORT-inventory_network_extractions","REPORT-inventory_network_extractions",,,"inventory_network_interface, inventory_network_ip, inventory_network_mac",ADMIN,"Uses transform",
"PROD-SH","IP-10-0-1-70.US-WEST-2.COMPUTE.INTERNAL",nmon,global,"nmon_data","nmon_data : EXTRACT-dvc_name","EXTRACT-dvc_name",,,"(?<dvc_name>\w*)\-(?<direction_pattern>read|write)\w*",ADMIN,Inline,
"PROD-SH","IP-10-0-1-70.US-WEST-2.COMPUTE.INTERNAL",nmon,global,"nmon_data","nmon_data : EXTRACT-main_type","EXTRACT-main_type",,,"(?<main_type>[a-zA-Z\-\_]+[^0-9]*) in type",ADMIN,Inline,
"PROD-SH","IP-10-0-1-70.US-WEST-2.COMPUTE.INTERNAL",nmon,global,"nmon_data","nmon_data : EXTRACT-nb_users","EXTRACT-nb_users",,,"(?<nb_users>\d*)[\_|\s]user",ADMIN,Inline,
"PROD-SH","IP-10-0-1-70.US-WEST-2.COMPUTE.INTERNAL",nmon,global,"nmon_data","nmon_data : EXTRACT-uptime_days","EXTRACT-uptime_days",,,"\s{0,}[\d|\w|:]*[\s|_]*up[\s|_]*(?<uptime_days>\d*)[\s|_]*day[s|,|;]*[\s|_]*(?<uptime_dayshour>\d*):(?<uptime_daystime>\d*)",ADMIN,Inline,
"PROD-SH","IP-10-0-1-70.US-WEST-2.COMPUTE.INTERNAL",nmon,global,"nmon_data","nmon_data : EXTRACT-uptime_days_only_alt","EXTRACT-uptime_days_only_alt",,,"\s*\d\d:\d\d(?:s|AM|PM)\s*up\s*(?<uptime_days>\d*)\s*day",ADMIN,Inline,
"PROD-SH","IP-10-0-1-70.US-WEST-2.COMPUTE.INTERNAL",nmon,global,"nmon_data","nmon_data : EXTRACT-uptime_days_with_min","EXTRACT-uptime_days_with_min",,,"\s{0,}[\d|\w|:]*[\s|_]*up[\s|_]*(?<uptime_days>\d*)[\s|_]*day[s|,|;]*[\s|_]*(?<uptime_daysmin>\d*)[\s|_]min",ADMIN,Inline,
"PROD-SH","IP-10-0-1-70.US-WEST-2.COMPUTE.INTERNAL",nmon,global,"nmon_data","nmon_data : EXTRACT-uptime_days_with_min_alt","EXTRACT-uptime_days_with_min_alt",,,"\s{0,}\d\d:\d\d(?:s|AM|PM)\s{0,}up\s{0,}(?<uptime_days>\d*)\s*(?:s|day)(?:s|days);\s{0,}(?<uptime_daysmin>\d*)\s{0,}(?:s|hr)(?:s|hrs)",ADMIN,Inline,
"PROD-SH","IP-10-0-1-70.US-WEST-2.COMPUTE.INTERNAL",nmon,global,"nmon_data","nmon_data : EXTRACT-uptime_hours","EXTRACT-uptime_hours",,,"\s{0,}[\d|\w|:]*[\s|_]*up[\s|_]*(?<uptime_hours>\d*:\d*)[\s|_]*[,|;]",ADMIN,Inline,
"PROD-SH","IP-10-0-1-70.US-WEST-2.COMPUTE.INTERNAL",nmon,global,"nmon_data","nmon_data : EXTRACT-uptime_hours_alt","EXTRACT-uptime_hours_alt",,,"\s*\d\d:\d\d(?:s|AM|PM)\s*up\s*(?<uptime_hours>\d*)\s*hr",ADMIN,Inline,
"PROD-SH","IP-10-0-1-70.US-WEST-2.COMPUTE.INTERNAL",nmon,global,"nmon_data","nmon_data : EXTRACT-uptime_hours_hours","EXTRACT-uptime_hours_hours",,,"\s{0,}[\d|\w|:]*[\s|_]*up[\s|_]*(?<uptime_hours_hours>\d*):\d*[\s|_]*[,|;]",ADMIN,Inline,
"PROD-SH","IP-10-0-1-70.US-WEST-2.COMPUTE.INTERNAL",nmon,global,"nmon_data","nmon_data : EXTRACT-uptime_hours_minutes","EXTRACT-uptime_hours_minutes",,,"\s{0,}[\d|\w|:]*[\s|_]*up[\s|_]*\d*:(?<uptime_hours_minutes>\d*)[\s|_]*[,|;]",ADMIN,Inline,
"PROD-SH","IP-10-0-1-70.US-WEST-2.COMPUTE.INTERNAL",nmon,global,"nmon_data","nmon_data : EXTRACT-uptime_loadaverage","EXTRACT-uptime_loadaverage",,,"load[_\-\s]average:\s*(?<load_average_1min>[\d|\.]*);\s*(?<load_average_5min>[\d|\.]*);\s*(?<load_average_15min>[\d|\.]*)",ADMIN,Inline,
"PROD-SH","IP-10-0-1-70.US-WEST-2.COMPUTE.INTERNAL",nmon,global,"nmon_data","nmon_data : EXTRACT-uptime_minutes","EXTRACT-uptime_minutes",,,"\s{0,}[\d|\w|:]*[\s|_]*up[\s|_]*(?<uptime_minutes>\d*)[\s|_]*min[\s|_]*[,|;]",ADMIN,Inline,
"PROD-SH","IP-10-0-1-70.US-WEST-2.COMPUTE.INTERNAL",nmon,global,"nmon_data","nmon_data : EXTRACT-uptime_minutes_alt","EXTRACT-uptime_minutes_alt",,,"\s*\d\d:\d\d(?:s|AM|PM)\s*up\s*(?<uptime_minutes>\d*)\s*(?:s|min)(?:s|mins)",ADMIN,Inline,
"PROD-SH","IP-10-0-1-70.US-WEST-2.COMPUTE.INTERNAL",nmon,global,"nmon_processing","nmon_processing : EXTRACT-Date_of_Nmon_data","EXTRACT-Date_of_Nmon_data",,,"(?i).+DATE\sof\sNmon\sData\:\s{0,}(?P<Date_of_Nmon_Data>[a-zA-Z0-9\-\/]+)\s",ADMIN,Inline,
"PROD-SH","IP-10-0-1-70.US-WEST-2.COMPUTE.INTERNAL",nmon,global,"nmon_processing","nmon_processing : EXTRACT-INTERVAL","EXTRACT-INTERVAL",,,"(?i).+INTERVAL\:\s{0,}(?P<INTERVAL>\d+)\s",ADMIN,Inline,
"PROD-SH","IP-10-0-1-70.US-WEST-2.COMPUTE.INTERNAL",nmon,global,"nmon_processing","nmon_processing : EXTRACT-Nmon_ID","EXTRACT-Nmon_ID",,,"(?i).+NMON\sID\:\s{0,}(?P<Nmon_ID>[a-zA-Z0-9\-\:\,\_\.]+)\s",ADMIN,Inline,
"PROD-SH","IP-10-0-1-70.US-WEST-2.COMPUTE.INTERNAL",nmon,global,"nmon_processing","nmon_processing : EXTRACT-Nmon_version","EXTRACT-Nmon_version",,,"(?i).+NMON\sVERSION\:\s{0,}(?P<Nmon_version>[a-zA-Z0-9\-\_\.\s]+)\s",ADMIN,Inline,
"PROD-SH","IP-10-0-1-70.US-WEST-2.COMPUTE.INTERNAL",nmon,global,"nmon_processing","nmon_processing : EXTRACT-SNAPSHOTS","EXTRACT-SNAPSHOTS",,,"(?i).+SNAPSHOTS\:\s{0,}(?P<SNAPSHOTS>\d+)\s",ADMIN,Inline,
"PROD-SH","IP-10-0-1-70.US-WEST-2.COMPUTE.INTERNAL",nmon,global,"nmon_processing","nmon_processing : EXTRACT-Time_of_Nmon_data","EXTRACT-Time_of_Nmon_data",,,"(?i).+TIME\sof\sNmon\sData\:\s{0,}(?P<Time_of_Nmon_Data>[0-9\:\.]+)\s",ADMIN,Inline,
"PROD-SH","IP-10-0-1-70.US-WEST-2.COMPUTE.INTERNAL",nmon,global,"nmon_processing","nmon_processing : EXTRACT-addon_type","EXTRACT-addon_type",,,"(?i).*addon\s*type:\s.*\/(?<addon_type>[a-zA-Z0-9|\-\_]+)\s",ADMIN,Inline,
"PROD-SH","IP-10-0-1-70.US-WEST-2.COMPUTE.INTERNAL",nmon,global,"nmon_processing","nmon_processing : EXTRACT-addon_version","EXTRACT-addon_version",,,"(?i).+addon\sversion\:\s{0,}(?P<addon_version>[a-zA-Z0-9\.]+)\s",ADMIN,Inline,
"PROD-SH","IP-10-0-1-70.US-WEST-2.COMPUTE.INTERNAL",nmon,global,"nmon_processing","nmon_processing : EXTRACT-elapsed_in_seconds","EXTRACT-elapsed_in_seconds",,,"(?i).+Elapsed\stime\swas\:\s{0,}(?P<elapsed_in_seconds>\d+\.\d+)\sseconds",ADMIN,Inline,
"PROD-SH","IP-10-0-1-70.US-WEST-2.COMPUTE.INTERNAL",nmon,global,"nmon_processing","nmon_processing : EXTRACT-hostname","EXTRACT-hostname",,,"(?i).+HOSTNAME\:\s{0,}(?P<hostname>[a-zA-Z0-9\-\_\.]+)",ADMIN,Inline,
"PROD-SH","IP-10-0-1-70.US-WEST-2.COMPUTE.INTERNAL",nmon,global,"nmon_processing","nmon_processing : EXTRACT-logical_cpus","EXTRACT-logical_cpus",,,"(?i).+logical_cpus\:\s{0,}(?P<logical_cpus>\d+)\s",ADMIN,Inline,
"PROD-SH","IP-10-0-1-70.US-WEST-2.COMPUTE.INTERNAL",nmon,global,"nmon_processing","nmon_processing : EXTRACT-nbr_lines","EXTRACT-nbr_lines",,,"(?i).+Reading\sNMON\sdata:\s{0,}(?P<nbr_lines>\d+)\slines",ADMIN,Inline,
"PROD-SH","IP-10-0-1-70.US-WEST-2.COMPUTE.INTERNAL",nmon,global,"nmon_processing","nmon_processing : EXTRACT-nmon2csv_version","EXTRACT-nmon2csv_version",,,"(?i).+nmon2csv\sversion\:\s{0,}(?P<nmon2csv_version>[0-9\.]+)\s",ADMIN,Inline,
"PROD-SH","IP-10-0-1-70.US-WEST-2.COMPUTE.INTERNAL",nmon,global,"nmon_processing","nmon_processing : EXTRACT-nmon_home","EXTRACT-nmon_home",,,"(?i).+\w*\sRoot\sDirectory\s\(\$NMON_VAR\)\:\s{0,}(?P<nmon_var>[a-zA-Z0-9\/\\\-\_\.\:]+)\s",ADMIN,Inline,
"PROD-SH","IP-10-0-1-70.US-WEST-2.COMPUTE.INTERNAL",nmon,global,"nmon_processing","nmon_processing : EXTRACT-operating_system","EXTRACT-operating_system",,,"(?i).+Guest\sOperating\sSystem\:\s{0,}(?P<operating_system>[a-zA-Z0-9]+)\s",ADMIN,Inline,
"PROD-SH","IP-10-0-1-70.US-WEST-2.COMPUTE.INTERNAL",nmon,global,"nmon_processing","nmon_processing : EXTRACT-perl_version","EXTRACT-perl_version",,,"(?i).+Perl\sversion\:\s{0,}(?P<perl_version>[a-zA-Z0-9\.]+)\s",ADMIN,Inline,
"PROD-SH","IP-10-0-1-70.US-WEST-2.COMPUTE.INTERNAL",nmon,global,"nmon_processing","nmon_processing : EXTRACT-python_version","EXTRACT-python_version",,,"(?i).+Python\sversion\:\s{0,}(?P<python_version>[a-zA-Z0-9\.]+)\s",ADMIN,Inline,
"PROD-SH","IP-10-0-1-70.US-WEST-2.COMPUTE.INTERNAL",nmon,global,"nmon_processing","nmon_processing : EXTRACT-size_in_bytes","EXTRACT-size_in_bytes",,,"(?i).+lines\s(?P<size_in_bytes>\d+)\sbytes",ADMIN,Inline,
"PROD-SH","IP-10-0-1-70.US-WEST-2.COMPUTE.INTERNAL",nmon,global,"nmon_processing","nmon_processing : EXTRACT-splunk_home","EXTRACT-splunk_home",,,"(?i).+\w*\sRoot\sDirectory\s\(\$SPLUNK_HOME\)\:\s{0,}(?P<splunk_home>[a-zA-Z0-9\/\\\-\_\.\:]+)\s",ADMIN,Inline,
"PROD-SH","IP-10-0-1-70.US-WEST-2.COMPUTE.INTERNAL",nmon,global,"nmon_processing","nmon_processing : EXTRACT-virtual_cpus","EXTRACT-virtual_cpus",,,"(?i).+virtual_cpus\:\s{0,}(?P<virtual_cpus>\d+)\s",ADMIN,Inline,
"PROD-SH","IP-10-0-1-70.US-WEST-2.COMPUTE.INTERNAL",nmon,global,"source::...AIX_CPU_ALL_sample.csv","source::...AIX_CPU_ALL_sample.csv : REPORT-AIX_CPU_ALL_sample","REPORT-AIX_CPU_ALL_sample",,,"AIX_CPU_ALL_sample",ADMIN,"Uses transform",
"PROD-SH","IP-10-0-1-70.US-WEST-2.COMPUTE.INTERNAL",nmon,global,"source::...AIX_LPAR_sample.csv","source::...AIX_LPAR_sample.csv : REPORT-AIX_LPAR_sample","REPORT-AIX_LPAR_sample",,,"AIX_LPAR_sample",ADMIN,"Uses transform",
"PROD-SH","IP-10-0-1-70.US-WEST-2.COMPUTE.INTERNAL",nmon,global,"source::...AIX_MEM_sample.csv","source::...AIX_MEM_sample.csv : REPORT-AIX_MEM_sample","REPORT-AIX_MEM_sample",,,"AIX_MEM_sample",ADMIN,"Uses transform",
"PROD-SH","IP-10-0-1-70.US-WEST-2.COMPUTE.INTERNAL",nmon,global,"source::...DISKXFER_sample.csv","source::...DISKXFER_sample.csv : REPORT-DISKXFER_sample","REPORT-DISKXFER_sample",,,"DISKXFER_sample",ADMIN,"Uses transform",
"PROD-SH","IP-10-0-1-70.US-WEST-2.COMPUTE.INTERNAL",nmon,global,"source::...Linux_CPU_ALL_sample.csv","source::...Linux_CPU_ALL_sample.csv : REPORT-Linux_CPU_ALL_sample","REPORT-Linux_CPU_ALL_sample",,,"Linux_CPU_ALL_sample",ADMIN,"Uses transform",
"PROD-SH","IP-10-0-1-70.US-WEST-2.COMPUTE.INTERNAL",nmon,global,"source::...Linux_MEM_sample.csv","source::...Linux_MEM_sample.csv : REPORT-Linux_MEM_sample","REPORT-Linux_MEM_sample",,,"Linux_MEM_sample",ADMIN,"Uses transform",
"PROD-SH","IP-10-0-1-70.US-WEST-2.COMPUTE.INTERNAL",nmon,global,"source::...Linux_TOP_sample.csv","source::...Linux_TOP_sample.csv : REPORT-Linux_TOP_sample","REPORT-Linux_TOP_sample",,,"Linux_TOP_sample",ADMIN,"Uses transform",
"PROD-SH","IP-10-0-1-70.US-WEST-2.COMPUTE.INTERNAL",nmon,global,"source::...Solaris_CPU_ALL_sample.csv","source::...Solaris_CPU_ALL_sample.csv : REPORT-Solaris_CPU_ALL_sample","REPORT-Solaris_CPU_ALL_sample",,,"Solaris_CPU_ALL_sample",ADMIN,"Uses transform",
"PROD-SH","IP-10-0-1-70.US-WEST-2.COMPUTE.INTERNAL",nmon,global,"source::...Solaris_MEM_sample.csv","source::...Solaris_MEM_sample.csv : REPORT-Solaris_MEM_sample","REPORT-Solaris_MEM_sample",,,"Solaris_MEM_sample",ADMIN,"Uses transform",
"PROD-SH","IP-10-0-1-70.US-WEST-2.COMPUTE.INTERNAL",nmon,global,"source::...Solaris_TOP_sample.csv","source::...Solaris_TOP_sample.csv : REPORT-Solaris_TOP_sample","REPORT-Solaris_TOP_sample",,,"Solaris_TOP_sample",ADMIN,"Uses transform",
"PROD-SH","IP-10-0-1-70.US-WEST-2.COMPUTE.INTERNAL",nmon,global,"source::...Solaris_WLM_sample.csv","source::...Solaris_WLM_sample.csv : REPORT-Solaris_WLM_sample","REPORT-Solaris_WLM_sample",,,"Solaris_WLM_sample",ADMIN,"Uses transform",
"PROD-SH","IP-10-0-1-70.US-WEST-2.COMPUTE.INTERNAL",search,global,scheduler,"scheduler : EXTRACT-fields","EXTRACT-fields",,,"(?i)^(?:[^ ]* ){2}(?:[+\-]\d+ )?(?P<log_level>[^ ]*)\s+(?P<component>[^ ]+) - (?P<event_message>.+)",SYSTEM,Inline,
"PROD-SH","IP-10-0-1-70.US-WEST-2.COMPUTE.INTERNAL",search,global,"splunk_web_service","splunk_web_service : EXTRACT-useragent","EXTRACT-useragent",,,"userAgent=(?P<browser>[^ (]+)",SYSTEM,Inline,
"PROD-SH","IP-10-0-1-70.US-WEST-2.COMPUTE.INTERNAL",search,global,splunkd,"splunkd : EXTRACT-fields","EXTRACT-fields",,,"(?i)^(?:[^ ]* ){2}(?:[+\-]\d+ )?(?P<log_level>[^ ]*)\s+(?P<component>[^ ]+) - (?P<event_message>.+)",SYSTEM,Inline,
"PROD-SH","IP-10-0-1-70.US-WEST-2.COMPUTE.INTERNAL","splunk_app_infrastructure",global,"source::(?-i).../var/log/vmware/vpxd/vpxd-profiler-\d+.log(?:.\d+)?","source::(?-i).../var/log/vmware/vpxd/vpxd-profiler-\d+.log(?:.\d+)? : EXTRACT-extract_kv_pairs","EXTRACT-extract_kv_pairs",,,"(?<key>.+)[\s](?<value>[^\s]+)$",SYSTEM,Inline,
"PROD-SH","IP-10-0-1-70.US-WEST-2.COMPUTE.INTERNAL","splunk_app_infrastructure",global,"source::(?-i)...\\VMware\\vCenterServer\\logs\\vmware-vpx\\vpxd-profiler-\d+.log(?:.\d+)?","source::(?-i)...\\VMware\\vCenterServer\\logs\\vmware-vpx\\vpxd-profiler-\d+.log(?:.\d+)? : EXTRACT-extract_kv_pairs","EXTRACT-extract_kv_pairs",,,"(?<key>.+)[\s](?<value>[^\s]+)$",SYSTEM,Inline,
"PROD-SH","IP-10-0-1-70.US-WEST-2.COMPUTE.INTERNAL","splunk_app_infrastructure",global,"source::.../var/log/splunk/*_configuration.log","source::.../var/log/splunk/*_configuration.log : REPORT-pool_name_field","REPORT-pool_name_field",,,"pool_name_field_extraction",SYSTEM,"Uses transform",
"PROD-SH","IP-10-0-1-70.US-WEST-2.COMPUTE.INTERNAL","splunk_app_infrastructure",global,"source::.../var/log/splunk/hydra_access*","source::.../var/log/splunk/hydra_access* : REPORT-gatewayfields","REPORT-gatewayfields",,,"hydra_access_log_fields",SYSTEM,"Uses transform",
"PROD-SH","IP-10-0-1-70.US-WEST-2.COMPUTE.INTERNAL","splunk_app_infrastructure",global,"source::.../var/log/splunk/hydra_gateway*","source::.../var/log/splunk/hydra_gateway* : REPORT-gatewayfields","REPORT-gatewayfields",,,"hydra_gateway_log_fields",SYSTEM,"Uses transform",
"PROD-SH","IP-10-0-1-70.US-WEST-2.COMPUTE.INTERNAL","splunk_app_infrastructure",global,"source::.../var/log/splunk/hydra_scheduler*","source::.../var/log/splunk/hydra_scheduler* : REPORT-schedulerfields","REPORT-schedulerfields",,,"hydra_scheduler_log_fields",SYSTEM,"Uses transform",
"PROD-SH","IP-10-0-1-70.US-WEST-2.COMPUTE.INTERNAL","splunk_app_infrastructure",global,"source::.../var/log/splunk/hydra_worker*","source::.../var/log/splunk/hydra_worker* : REPORT-pool_name_field","REPORT-pool_name_field",,,"pool_name_field_extraction",SYSTEM,"Uses transform",
"PROD-SH","IP-10-0-1-70.US-WEST-2.COMPUTE.INTERNAL","splunk_app_infrastructure",global,"source::.../var/log/splunk/hydra_worker*","source::.../var/log/splunk/hydra_worker* : REPORT-workerfields","REPORT-workerfields",,,"hydra_worker_log_fields",SYSTEM,"Uses transform",
"PROD-SH","IP-10-0-1-70.US-WEST-2.COMPUTE.INTERNAL","splunk_app_infrastructure",global,"source::.../var/log/splunk/ta_vmware_hierarchy_agent*","source::.../var/log/splunk/ta_vmware_hierarchy_agent* : REPORT-hydraloggerfields","REPORT-hydraloggerfields",,,"hydra_logger_fields",SYSTEM,"Uses transform",
"PROD-SH","IP-10-0-1-70.US-WEST-2.COMPUTE.INTERNAL","splunk_app_infrastructure",global,"source::vmware:esxlog:...","source::vmware:esxlog:... : REPORT-fields","REPORT-fields",,,"esx_hostd_fields_5x,esx_hostd_fields_6x, esx_generic_fields,esx_hostd_fields_syslogserver,esx_generic_fields_syslogserver",SYSTEM,"Uses transform",
"PROD-SH","IP-10-0-1-70.US-WEST-2.COMPUTE.INTERNAL","splunk_app_infrastructure",global,"vmware:esxlog:vmkernel","vmware:esxlog:vmkernel : REPORT-vmkernel","REPORT-vmkernel",,,"esx_vmkernel_fields,esx_vmkernel_fields_syslogserver",SYSTEM,"Uses transform",
"PROD-SH","IP-10-0-1-70.US-WEST-2.COMPUTE.INTERNAL","splunk_app_infrastructure",global,"vmware:esxlog:vmkwarning","vmware:esxlog:vmkwarning : REPORT-vmkwarning","REPORT-vmkwarning",,,"esx_vmkernel_fields,esx_vmkernel_fields_syslogserver",SYSTEM,"Uses transform",
"PROD-SH","IP-10-0-1-70.US-WEST-2.COMPUTE.INTERNAL","splunk_app_infrastructure",global,"vmware:vclog:cim-diag","vmware:vclog:cim-diag : REPORT-cim-5x","REPORT-cim-5x",,,"vc_cim_fields_5x",SYSTEM,"Uses transform",
"PROD-SH","IP-10-0-1-70.US-WEST-2.COMPUTE.INTERNAL","splunk_app_infrastructure",global,"vmware:vclog:sms","vmware:vclog:sms : REPORT-sms","REPORT-sms",,,"vc_sms_fields",SYSTEM,"Uses transform",
"PROD-SH","IP-10-0-1-70.US-WEST-2.COMPUTE.INTERNAL","splunk_app_infrastructure",global,"vmware:vclog:stats","vmware:vclog:stats : REPORT-stats-5x","REPORT-stats-5x",,,"vc_vws_fields_5x",SYSTEM,"Uses transform",
"PROD-SH","IP-10-0-1-70.US-WEST-2.COMPUTE.INTERNAL","splunk_app_infrastructure",global,"vmware:vclog:stats","vmware:vclog:stats : REPORT-stats-6x","REPORT-stats-6x",,,"vc_stats_fields_6x",SYSTEM,"Uses transform",
"PROD-SH","IP-10-0-1-70.US-WEST-2.COMPUTE.INTERNAL","splunk_app_infrastructure",global,"vmware:vclog:vim-tomcat-shared","vmware:vclog:vim-tomcat-shared : REPORT-tomcat","REPORT-tomcat",,,"vc_vws_fields_5x",SYSTEM,"Uses transform",
"PROD-SH","IP-10-0-1-70.US-WEST-2.COMPUTE.INTERNAL","splunk_app_infrastructure",global,"vmware:vclog:vpxd","vmware:vclog:vpxd : REPORT-vpxd-5x","REPORT-vpxd-5x",,,"vc_vpxd_fields_5x",SYSTEM,"Uses transform",
"PROD-SH","IP-10-0-1-70.US-WEST-2.COMPUTE.INTERNAL","splunk_app_infrastructure",global,"vmware:vclog:vpxd","vmware:vclog:vpxd : REPORT-vpxd-6x","REPORT-vpxd-6x",,,"vc_vpxd_fields_6x",SYSTEM,"Uses transform",
"PROD-SH","IP-10-0-1-70.US-WEST-2.COMPUTE.INTERNAL","splunk_app_infrastructure",global,"vmware:vclog:vpxd-profiler","vmware:vclog:vpxd-profiler : EXTRACT-extract_kv_pairs","EXTRACT-extract_kv_pairs",,,"(vpxd-profiler\s)?(?<key>.+)[\s](?<value>[^\s]+)",SYSTEM,Inline,
"PROD-SH","IP-10-0-1-70.US-WEST-2.COMPUTE.INTERNAL","splunk_app_infrastructure",global,"vmware:vclog:vws","vmware:vclog:vws : REPORT-vws-5x","REPORT-vws-5x",,,"vc_vws_fields_5x",SYSTEM,"Uses transform",
"PROD-SH","IP-10-0-1-70.US-WEST-2.COMPUTE.INTERNAL","splunk_app_infrastructure",global,"vmware:vclog:vws","vmware:vclog:vws : REPORT-vws-6x","REPORT-vws-6x",,,"vc_vws_fields_6x",SYSTEM,"Uses transform",
"PROD-SH","IP-10-0-1-70.US-WEST-2.COMPUTE.INTERNAL","splunk_archiver",global,"source::.../var/log/splunk/splunk_archiver.log(.\d+)?","source::.../var/log/splunk/splunk_archiver.log(.\d+)? : EXTRACT-severity,logger","EXTRACT-severity,logger",,,".*?(?<severity>[A-Z]+) ((?<logger>[^\s]+) \-)*",SYSTEM,Inline,
"PROD-SH","IP-10-0-1-70.US-WEST-2.COMPUTE.INTERNAL","splunk_monitoring_console",global,audittrail,"audittrail : EXTRACT-apiEndTime","EXTRACT-apiEndTime",,,"apiEndTime=\'(?<apiEndTime>[^\']*?)\'",SYSTEM,Inline,"1577664920.000000"
"PROD-SH","IP-10-0-1-70.US-WEST-2.COMPUTE.INTERNAL","splunk_monitoring_console",global,audittrail,"audittrail : EXTRACT-apiStartTime","EXTRACT-apiStartTime",,,"apiStartTime=\'(?<apiStartTime>[^\']*?)\'",SYSTEM,Inline,"1577664920.000000"
"PROD-SH","IP-10-0-1-70.US-WEST-2.COMPUTE.INTERNAL","splunk_monitoring_console",global,audittrail,"audittrail : EXTRACT-search_id","EXTRACT-search_id",,,"search_id=\'(?<search_id>[^\']*?)\'",SYSTEM,Inline,"1577664920.000000"
"PROD-SH","IP-10-0-1-70.US-WEST-2.COMPUTE.INTERNAL","splunk_monitoring_console",global,audittrail,"audittrail : EXTRACT-search_string","EXTRACT-search_string",,,"search=\'(?<search>.*?)\',\sautojoin",SYSTEM,Inline,"1577664920.000000"
"PROD-SH","IP-10-0-1-70.US-WEST-2.COMPUTE.INTERNAL","splunk_monitoring_console",global,splunkd,"splunkd : EXTRACT-bundle_dir_reaper_max_ms","EXTRACT-bundle_dir_reaper_max_ms",,,"Bundle_Directory_Reaper_Max_Time\(ms\)=(?<bundle_dir_reaper_max_ms>\d+(\.\d+)?)",SYSTEM,Inline,"1577664920.000000"
"PROD-SH","IP-10-0-1-70.US-WEST-2.COMPUTE.INTERNAL","splunk_monitoring_console",global,splunkd,"splunkd : EXTRACT-bundle_dir_reaper_mean_ms","EXTRACT-bundle_dir_reaper_mean_ms",,,"Bundle_Directory_Reaper_Mean_Time\(ms\)=(?<bundle_dir_reaper_mean_ms>\d+(\.\d+)?)",SYSTEM,Inline,"1577664920.000000"
"PROD-SH","IP-10-0-1-70.US-WEST-2.COMPUTE.INTERNAL","splunk_monitoring_console",global,splunkd,"splunkd : EXTRACT-compute_search_quota_max_ms","EXTRACT-compute_search_quota_max_ms",,,"Compute_Search_Quota_Max_Time\(ms\)=(?<compute_search_quota_max_ms>\d+(\.\d+)?)",SYSTEM,Inline,"1577664920.000000"
"PROD-SH","IP-10-0-1-70.US-WEST-2.COMPUTE.INTERNAL","splunk_monitoring_console",global,splunkd,"splunkd : EXTRACT-compute_search_quota_mean_ms","EXTRACT-compute_search_quota_mean_ms",,,"Compute_Search_Quota_Mean_Time\(ms\)=(?<compute_search_quota_mean_ms>\d+(\.\d+)?)",SYSTEM,Inline,"1577664920.000000"
"PROD-SH","IP-10-0-1-70.US-WEST-2.COMPUTE.INTERNAL","splunk_monitoring_console",global,splunkd,"splunkd : EXTRACT-dispatch_dir_reaper_max_ms","EXTRACT-dispatch_dir_reaper_max_ms",,,"Dispatch_Directory_Reaper_Max_Time\(ms\)=(?<dispatch_dir_reaper_max_ms>\d+(\.\d+)?)",SYSTEM,Inline,"1577664920.000000"
"PROD-SH","IP-10-0-1-70.US-WEST-2.COMPUTE.INTERNAL","splunk_monitoring_console",global,splunkd,"splunkd : EXTRACT-dispatch_dir_reaper_mean_ms","EXTRACT-dispatch_dir_reaper_mean_ms",,,"Dispatch_Directory_Reaper_Mean_Time\(ms\)=(?<dispatch_dir_reaper_mean_ms>\d+(\.\d+)?)",SYSTEM,Inline,"1577664920.000000"
"PROD-SH","IP-10-0-1-70.US-WEST-2.COMPUTE.INTERNAL","splunk_monitoring_console",global,splunkd,"splunkd : EXTRACT-enqueue_searches_count","EXTRACT-enqueue_searches_count",,,"enqueue_seaches_count=(?<enqueue_searches_count>\d+)",SYSTEM,Inline,"1577664920.000000"
"PROD-SH","IP-10-0-1-70.US-WEST-2.COMPUTE.INTERNAL","splunk_monitoring_console",global,splunkd,"splunkd : EXTRACT-get_auth_max_ms","EXTRACT-get_auth_max_ms",,,"Get_Authentication_Max_Time\(ms\)=(?<get_auth_max_ms>\d+(\.\d+)?)",SYSTEM,Inline,"1577664920.000000"
"PROD-SH","IP-10-0-1-70.US-WEST-2.COMPUTE.INTERNAL","splunk_monitoring_console",global,splunkd,"splunkd : EXTRACT-get_auth_mean_ms","EXTRACT-get_auth_mean_ms",,,"Get_Authentication_Mean_Time\(ms\)=(?<get_auth_mean_ms>\d+(\.\d+)?)",SYSTEM,Inline,"1577664920.000000"
"PROD-SH","IP-10-0-1-70.US-WEST-2.COMPUTE.INTERNAL","splunk_monitoring_console",global,splunkd,"splunkd : EXTRACT-get_bundleList_max_ms","EXTRACT-get_bundleList_max_ms",,,"Get_BundleList_Max_Time\(ms\)=(?<get_bundleList_max_ms>\d+(\.\d+)?)",SYSTEM,Inline,"1577664920.000000"
"PROD-SH","IP-10-0-1-70.US-WEST-2.COMPUTE.INTERNAL","splunk_monitoring_console",global,splunkd,"splunkd : EXTRACT-get_bundleList_mean_ms","EXTRACT-get_bundleList_mean_ms",,,"Get_BundleList_Mean_Time\(ms\)=(?<get_bundleList_mean_ms>\d+(\.\d+)?)",SYSTEM,Inline,"1577664920.000000"
"PROD-SH","IP-10-0-1-70.US-WEST-2.COMPUTE.INTERNAL","splunk_monitoring_console",global,splunkd,"splunkd : EXTRACT-get_serverInfo_max_ms","EXTRACT-get_serverInfo_max_ms",,,"Get_ServerInfo_Max_Time\(ms\)=(?<get_serverInfo_max_ms>\d+(\.\d+)?)",SYSTEM,Inline,"1577664920.000000"
"PROD-SH","IP-10-0-1-70.US-WEST-2.COMPUTE.INTERNAL","splunk_monitoring_console",global,splunkd,"splunkd : EXTRACT-get_serverInfo_mean_ms","EXTRACT-get_serverInfo_mean_ms",,,"Get_ServerInfo_Mean_Time\(ms\)=(?<get_serverInfo_mean_ms>\d+(\.\d+)?)",SYSTEM,Inline,"1577664920.000000"
"PROD-SH","IP-10-0-1-70.US-WEST-2.COMPUTE.INTERNAL",system,system,ActiveDirectory,"ActiveDirectory : EXTRACT-GUID","EXTRACT-GUID",,,"(?i)(?!=\w)(?:objectguid|guid)\s*=\s*(?<guid_lookup>[\w\-]+)",SYSTEM,Inline,
"PROD-SH","IP-10-0-1-70.US-WEST-2.COMPUTE.INTERNAL",system,system,ActiveDirectory,"ActiveDirectory : EXTRACT-SID","EXTRACT-SID",,,"objectSid\s*=\s*(?<sid_lookup>\S+)",SYSTEM,Inline,
"PROD-SH","IP-10-0-1-70.US-WEST-2.COMPUTE.INTERNAL",system,system,ActiveDirectory,"ActiveDirectory : REPORT-MESSAGE","REPORT-MESSAGE",,,"ad-kv",SYSTEM,"Uses transform",
"PROD-SH","IP-10-0-1-70.US-WEST-2.COMPUTE.INTERNAL",system,system,PerformanceMonitor,"PerformanceMonitor : REPORT-MESSAGE","REPORT-MESSAGE",,,"perfmon-kv",SYSTEM,"Uses transform",
"PROD-SH","IP-10-0-1-70.US-WEST-2.COMPUTE.INTERNAL",system,system,"access_combined","access_combined : REPORT-access","REPORT-access",,,"access-extractions",SYSTEM,"Uses transform",
"PROD-SH","IP-10-0-1-70.US-WEST-2.COMPUTE.INTERNAL",system,system,"access_combined_wcookie","access_combined_wcookie : REPORT-access","REPORT-access",,,"access-extractions",SYSTEM,"Uses transform",
"PROD-SH","IP-10-0-1-70.US-WEST-2.COMPUTE.INTERNAL",system,system,"access_common","access_common : REPORT-access","REPORT-access",,,"access-extractions",SYSTEM,"Uses transform",
"PROD-SH","IP-10-0-1-70.US-WEST-2.COMPUTE.INTERNAL",system,system,"anaconda_syslog","anaconda_syslog : REPORT-syslog","REPORT-syslog",,,"syslog-extractions",SYSTEM,"Uses transform",
"PROD-SH","IP-10-0-1-70.US-WEST-2.COMPUTE.INTERNAL",system,system,"cisco_syslog","cisco_syslog : REPORT-syslog","REPORT-syslog",,,"syslog-extractions",SYSTEM,"Uses transform",
"PROD-SH","IP-10-0-1-70.US-WEST-2.COMPUTE.INTERNAL",system,system,"db2_diag","db2_diag : REPORT-st","REPORT-st",,,db2,SYSTEM,"Uses transform",
"PROD-SH","IP-10-0-1-70.US-WEST-2.COMPUTE.INTERNAL",system,system,fileTrackerCrcLog,"fileTrackerCrcLog : EXTRACT-1","EXTRACT-1",,,"(?<_KEY_1>\S+)::(?<_VAL_1>\S+)",SYSTEM,Inline,
"PROD-SH","IP-10-0-1-70.US-WEST-2.COMPUTE.INTERNAL",system,system,"linux_messages_syslog","linux_messages_syslog : REPORT-syslog","REPORT-syslog",,,"syslog-extractions",SYSTEM,"Uses transform",
"PROD-SH","IP-10-0-1-70.US-WEST-2.COMPUTE.INTERNAL",system,system,"linux_secure","linux_secure : REPORT-syslog","REPORT-syslog",,,"syslog-extractions",SYSTEM,"Uses transform",
"PROD-SH","IP-10-0-1-70.US-WEST-2.COMPUTE.INTERNAL",system,system,"osx_asl","osx_asl : REPORT-asl","REPORT-asl",,,"bracket-space",SYSTEM,"Uses transform",
"PROD-SH","IP-10-0-1-70.US-WEST-2.COMPUTE.INTERNAL",system,system,"postfix_syslog","postfix_syslog : REPORT-syslog","REPORT-syslog",,,"syslog-extractions",SYSTEM,"Uses transform",
"PROD-SH","IP-10-0-1-70.US-WEST-2.COMPUTE.INTERNAL",system,system,"sendmail_syslog","sendmail_syslog : REPORT-syslog","REPORT-syslog",,,"sendmail-extractions",SYSTEM,"Uses transform",
"PROD-SH","IP-10-0-1-70.US-WEST-2.COMPUTE.INTERNAL",system,system,snort,"snort : REPORT-tcp","REPORT-tcp",,,"tcpdump-endpoints, colon-kv",SYSTEM,"Uses transform",
"PROD-SH","IP-10-0-1-70.US-WEST-2.COMPUTE.INTERNAL",system,system,"source::....(?i)(evt|evtx)(.\d+)?","source::....(?i)(evt|evtx)(.\d+)? : REPORT-MESSAGE","REPORT-MESSAGE",,,"wel-message, wel-eq-kv, wel-col-kv",SYSTEM,"Uses transform",
"PROD-SH","IP-10-0-1-70.US-WEST-2.COMPUTE.INTERNAL",system,system,"source::PerfmonMk...","source::PerfmonMk... : EXTRACT-collection,category,object","EXTRACT-collection,category,object",,,"collection=\""?(?P<collection>[^\""\n]+)\""?\ncategory=\""?(?P<category>[^\""\n]+)\""?\nobject=\""?(?P<object>[^\""\n]+)\""?\n",SYSTEM,Inline,
"PROD-SH","IP-10-0-1-70.US-WEST-2.COMPUTE.INTERNAL",system,system,"source::WMI...","source::WMI... : REPORT-MESSAGE","REPORT-MESSAGE",,,"wel-message, wel-eq-kv, wel-col-kv",SYSTEM,"Uses transform",
"PROD-SH","IP-10-0-1-70.US-WEST-2.COMPUTE.INTERNAL",system,system,"source::WinEventLog...","source::WinEventLog... : REPORT-MESSAGE","REPORT-MESSAGE",,,"wel-message, wel-eq-kv, wel-col-kv",SYSTEM,"Uses transform",
"PROD-SH","IP-10-0-1-70.US-WEST-2.COMPUTE.INTERNAL",system,system,"splunk_search_messages","splunk_search_messages : EXTRACT-log_level","EXTRACT-log_level",,,"(?i)^(?:[^ ]* ){2}(?:[+\-]\d+ )?(?P<log_level>[^ ]*)",SYSTEM,Inline,
"PROD-SH","IP-10-0-1-70.US-WEST-2.COMPUTE.INTERNAL",system,system,"splunk_search_messages","splunk_search_messages : EXTRACT-message","EXTRACT-message",,,".*?(message=)(?<message>.*)$",SYSTEM,Inline,
"PROD-SH","IP-10-0-1-70.US-WEST-2.COMPUTE.INTERNAL",system,system,"splunk_web_access","splunk_web_access : EXTRACT-extract_spent","EXTRACT-extract_spent",,,"\s(?<spent>\d+(\.\d+)?)ms$",SYSTEM,Inline,
"PROD-SH","IP-10-0-1-70.US-WEST-2.COMPUTE.INTERNAL",system,system,"splunk_web_access","splunk_web_access : REPORT-access","REPORT-access",,,"access-extractions",SYSTEM,"Uses transform",
"PROD-SH","IP-10-0-1-70.US-WEST-2.COMPUTE.INTERNAL",system,system,"splunk_web_service","splunk_web_service : REPORT-fields","REPORT-fields",,,"splunk-service-extractions",SYSTEM,"Uses transform",
"PROD-SH","IP-10-0-1-70.US-WEST-2.COMPUTE.INTERNAL",system,system,"splunkd_access","splunkd_access : REPORT-access","REPORT-access",,,"access-extractions, extract_spent",SYSTEM,"Uses transform",
"PROD-SH","IP-10-0-1-70.US-WEST-2.COMPUTE.INTERNAL",system,system,"splunkd_remote_searches","splunkd_remote_searches : REPORT-fields","REPORT-fields",,,"remote_searches_extractions_starting,remote_searches_extractions_terminated",SYSTEM,"Uses transform",
"PROD-SH","IP-10-0-1-70.US-WEST-2.COMPUTE.INTERNAL",system,system,"splunkd_ui_access","splunkd_ui_access : REPORT-access","REPORT-access",,,"access-extractions, extract_spent",SYSTEM,"Uses transform",
"PROD-SH","IP-10-0-1-70.US-WEST-2.COMPUTE.INTERNAL",system,system,stash,"stash : REPORT-1","REPORT-1",,,"stash_extract",SYSTEM,"Uses transform",
"PROD-SH","IP-10-0-1-70.US-WEST-2.COMPUTE.INTERNAL",system,system,syslog,"syslog : REPORT-syslog","REPORT-syslog",,,"syslog-extractions",SYSTEM,"Uses transform",
"PROD-SH","IP-10-0-1-70.US-WEST-2.COMPUTE.INTERNAL",system,system,tcp,"tcp : REPORT-tcp","REPORT-tcp",,,"tcpdump-endpoints, colon-kv",SYSTEM,"Uses transform",
"PROD-SH","IP-10-0-1-70.US-WEST-2.COMPUTE.INTERNAL",system,system,"weblogic_stdout","weblogic_stdout : REPORT-st","REPORT-st",,,"weblogic-code",SYSTEM,"Uses transform",
"PROD-SH","IP-10-0-1-70.US-WEST-2.COMPUTE.INTERNAL",system,system,"websphere_activity","websphere_activity : REPORT-st","REPORT-st",,,"colon-line",SYSTEM,"Uses transform",
"PROD-SH","IP-10-0-1-70.US-WEST-2.COMPUTE.INTERNAL",system,system,"websphere_trlog","websphere_trlog : REPORT-st","REPORT-st",,,"was-trlog-code",SYSTEM,"Uses transform",
"PROD-SH","IP-10-0-1-70.US-WEST-2.COMPUTE.INTERNAL",system,system,"windows_snare_syslog","windows_snare_syslog : REPORT-syslog","REPORT-syslog",,,"syslog-extractions",SYSTEM,"Uses transform",
